Handle,Title,Option1 Name,Option1 Value,Option2 Name,Option2 Value,Option3 Name,Option3 Value,SKU,HS Code,COO,Location,Bin name,Incoming (not editable),Unavailable (not editable),Committed (not editable),Available (not editable),On hand (current),On hand (new)
westpoint-hair-straightener-wf-6807,Westpoint Hair Straightener WF-6807,Title,Default Title,,,,,MRT-WB-WESTPOINT-001,,,Win Bachat,,0,0,0,6,0,6
westpoint-hair-straightener-wf-6808,Westpoint Hair Straightener WF-6808,Title,Default Title,,,,,MRT-WB-WESTPOINT-002,,,Win Bachat,,0,0,0,6,0,6
westpoint-hair-straightener-wf-6809,Westpoint Hair Straightener WF-6809,Title,Default Title,,,,,MRT-WB-WESTPOINT-003,,,Win Bachat,,0,0,0,6,0,6
westpoint-deluxe-hair-straightening-brush-wf-6810,Westpoint Deluxe Hair Straightening Brush WF-6810,Title,Default Title,,,,,MRT-WB-WESTPOINT-004,,,Win Bachat,,0,0,0,6,0,6
westpoint-professional-hair-clipper-wf-6613,Westpoint Professional Hair Clipper WF-6613,Title,Default Title,,,,,MRT-WB-WESTPOINT-005,,,Win Bachat,,0,0,0,6,0,6
westpoint-professional-hair-clipper-wf-6713,Westpoint Professional Hair Clipper WF-6713,Title,Default Title,,,,,MRT-WB-WESTPOINT-006,,,Win Bachat,,0,0,0,6,0,6
westpoint-professional-cordless-hair-clipper-wf-6813,Westpoint Professional Cordless Hair Clipper WF-6813,Title,Default Title,,,,,MRT-WB-WESTPOINT-007,,,Win Bachat,,0,0,0,6,0,6
westpoint-professional-hair-clipper-wf-6913,Westpoint Professional Hair Clipper WF-6913,Title,Default Title,,,,,MRT-WB-WESTPOINT-008,,,Win Bachat,,0,0,0,6,0,6
westpoint-deluxe-hair-dryer-1000w-wf-6201,Westpoint Deluxe Hair Dryer 1000W WF-6201,Title,Default Title,,,,,MRT-WB-WESTPOINT-009,,,Win Bachat,,0,0,0,6,0,6
westpoint-deluxe-hair-dryer-1000w-wf-6217,Westpoint Deluxe Hair Dryer 1000W WF-6217,Title,Default Title,,,,,MRT-WB-WESTPOINT-010,,,Win Bachat,,0,0,0,6,0,6
westpoint-deluxe-hair-dryer-wf-6203,Westpoint Deluxe Hair Dryer WF-6203,Title,Default Title,,,,,MRT-WB-WESTPOINT-011,,,Win Bachat,,0,0,0,6,0,6
westpoint-commercial-hair-dryer-with-diffuser-wf-6270,Westpoint Commercial Hair Dryer with Diffuser WF-6270,Title,Default Title,,,,,MRT-WB-WESTPOINT-012,,,Win Bachat,,0,0,0,6,0,6
westpoint-deluxe-hair-dryer-wf-6259,Westpoint Deluxe Hair Dryer WF-6259,Title,Default Title,,,,,MRT-WB-WESTPOINT-013,,,Win Bachat,,0,0,0,6,0,6
westpoint-deluxe-hair-dryer-wf-6260,Westpoint Deluxe Hair Dryer WF-6260,Title,Default Title,,,,,MRT-WB-WESTPOINT-014,,,Win Bachat,,0,0,0,6,0,6
westpoint-hair-dryer-with-ionic-function-wf-6261,Westpoint Hair Dryer with Ionic Function WF-6261,Title,Default Title,,,,,MRT-WB-WESTPOINT-015,,,Win Bachat,,0,0,0,6,0,6
westpoint-professional-hair-dryer-wf-6280,Westpoint Professional Hair Dryer WF-6280,Title,Default Title,,,,,MRT-WB-WESTPOINT-016,,,Win Bachat,,0,0,0,6,0,6
westpoint-5-in-1-deluxe-epilator-wf-6362,Westpoint 5-in-1 Deluxe Epilator WF-6362,Title,Default Title,,,,,MRT-WB-WESTPOINT-017,,,Win Bachat,,0,0,0,6,0,6
westpoint-deluxe-handy-garment-steamer-wf-1153,Westpoint Deluxe Handy Garment Steamer WF-1153,Title,Default Title,,,,,MRT-WB-WESTPOINT-018,,,Win Bachat,,0,0,0,6,0,6
westpoint-deluxe-garment-steamer-wf-1154,Westpoint Deluxe Garment Steamer WF-1154,Title,Default Title,,,,,MRT-WB-WESTPOINT-019,,,Win Bachat,,0,0,0,6,0,6
westpoint-deluxe-garment-steamer-wf-1155,Westpoint Deluxe Garment Steamer WF-1155,Title,Default Title,,,,,MRT-WB-WESTPOINT-020,,,Win Bachat,,0,0,0,6,0,6
westpoint-deluxe-garment-steamer-wf-1156,Westpoint Deluxe Garment Steamer WF-1156,Title,Default Title,,,,,MRT-WB-WESTPOINT-021,,,Win Bachat,,0,0,0,6,0,6
westpoint-deluxe-garment-steamer-wf-1157,Westpoint Deluxe Garment Steamer WF-1157,Title,Default Title,,,,,MRT-WB-WESTPOINT-022,,,Win Bachat,,0,0,0,6,0,6
westpoint-professional-2-in-1-garment-steamer-wf-1159,Westpoint Professional 2-in-1 Garment Steamer WF-1159,Title,Default Title,,,,,MRT-WB-WESTPOINT-023,,,Win Bachat,,0,0,0,6,0,6
westpoint-handy-garment-steamer-wf-1253,Westpoint Handy Garment Steamer WF-1253,Title,Default Title,,,,,MRT-WB-WESTPOINT-024,,,Win Bachat,,0,0,0,6,0,6
westpoint-professional-handy-garment-steamer-wf-1353,Westpoint Professional Handy Garment Steamer WF-1353,Title,Default Title,,,,,MRT-WB-WESTPOINT-025,,,Win Bachat,,0,0,0,6,0,6
westpoint-deluxe-egg-boiler-wf-5252,Westpoint Deluxe Egg Boiler WF-5252,Title,Default Title,,,,,MRT-WB-WESTPOINT-026,,,Win Bachat,,0,0,0,6,0,6
westpoint-deluxe-non-stick-pizza-pan-wf-3166,Westpoint Deluxe Non-Stick Pizza Pan WF-3166,Title,Default Title,,,,,MRT-WB-WESTPOINT-027,,,Win Bachat,,0,0,0,6,0,6
westpoint-deluxe-facial-steamer-wf-614,Westpoint Deluxe Facial Steamer WF-614,Title,Default Title,,,,,MRT-WB-WESTPOINT-028,,,Win Bachat,,0,0,0,6,0,6
westpoint-deluxe-8-step-water-purifier-wf-714,Westpoint Deluxe 8-Step Water Purifier WF-714,Title,Default Title,,,,,MRT-WB-WESTPOINT-029,,,Win Bachat,,0,0,0,6,0,6
westpoint-air-purifier-wf-1102,Westpoint Air Purifier WF-1102,Title,Default Title,,,,,MRT-WB-WESTPOINT-030,,,Win Bachat,,0,0,0,6,0,6
westpoint-deluxe-foot-spa-massager-wf-3870,Westpoint Deluxe Foot Spa Massager WF-3870,Title,Default Title,,,,,MRT-WB-WESTPOINT-031,,,Win Bachat,,0,0,0,6,0,6
westpoint-ultrasonic-room-humidifier-wf-1201,Westpoint Ultrasonic Room Humidifier WF-1201,Title,Default Title,,,,,MRT-WB-WESTPOINT-032,,,Win Bachat,,0,0,0,6,0,6
westpoint-deluxe-ultrasonic-humidifier-wf-1205,Westpoint Deluxe Ultrasonic Humidifier WF-1205,Title,Default Title,,,,,MRT-WB-WESTPOINT-033,,,Win Bachat,,0,0,0,6,0,6
westpoint-deluxe-ultrasonic-humidifier-wf-1206,Westpoint Deluxe Ultrasonic Humidifier WF-1206,Title,Default Title,,,,,MRT-WB-WESTPOINT-034,,,Win Bachat,,0,0,0,6,0,6
westpoint-3-in-1-juicer-blender-dry-mill-wf-7201,Westpoint 3-in-1 Juicer Blender Dry Mill WF-7201,Title,Default Title,,,,,MRT-WB-WESTPOINT-035,,,Win Bachat,,0,0,0,6,0,6
westpoint-3-in-1-juicer-blender-dry-mill-wf-7901,Westpoint 3-in-1 Juicer Blender Dry Mill WF-7901,Title,Default Title,,,,,MRT-WB-WESTPOINT-036,,,Win Bachat,,0,0,0,6,0,6
westpoint-3-in-1-juicer-blender-dry-mill-wf-7501,Westpoint 3-in-1 Juicer Blender Dry Mill WF-7501,Title,Default Title,,,,,MRT-WB-WESTPOINT-037,,,Win Bachat,,0,0,0,6,0,6
westpoint-3-in-1-juicer-blender-dry-mill-wf-7701,Westpoint 3-in-1 Juicer Blender Dry Mill WF-7701,Title,Default Title,,,,,MRT-WB-WESTPOINT-038,,,Win Bachat,,0,0,0,6,0,6
westpoint-professional-juice-master-1000w-wf-1846,Westpoint Professional Juice Master 1000W WF-1846,Title,Default Title,,,,,MRT-WB-WESTPOINT-039,,,Win Bachat,,0,0,0,6,0,6
westpoint-professional-kitchen-chef-600w-wf-1833,Westpoint Professional Kitchen Chef 600W WF-1833,Title,Default Title,,,,,MRT-WB-WESTPOINT-040,,,Win Bachat,,0,0,0,6,0,6
westpoint-deluxe-kitchen-chef-4-in-1-wf-1834,Westpoint Deluxe Kitchen Chef 4-in-1 WF-1834,Title,Default Title,,,,,MRT-WB-WESTPOINT-041,,,Win Bachat,,0,0,0,6,0,6
westpoint-professional-kitchen-chef-1000w-wf-1845,Westpoint Professional Kitchen Chef 1000W WF-1845,Title,Default Title,,,,,MRT-WB-WESTPOINT-042,,,Win Bachat,,0,0,0,6,0,6
westpoint-deluxe-juicer-blender-dry-mill-wf-2409,Westpoint Deluxe Juicer Blender Dry Mill WF-2409,Title,Default Title,,,,,MRT-WB-WESTPOINT-043,,,Win Bachat,,0,0,0,6,0,6
westpoint-deluxe-juicer-blender-grinder-wf-8813,Westpoint Deluxe Juicer Blender Grinder WF-8813,Title,Default Title,,,,,MRT-WB-WESTPOINT-044,,,Win Bachat,,0,0,0,6,0,6
westpoint-deluxe-juicer-blender-dry-mill-750w-wf-8823,Westpoint Deluxe Juicer Blender Dry Mill 750W WF-8823,Title,Default Title,,,,,MRT-WB-WESTPOINT-045,,,Win Bachat,,0,0,0,6,0,6
westpoint-deluxe-4-in-1-juicer-blender-dry-mill-chopper-wf-8814,Westpoint Deluxe 4-in-1 Juicer Blender Dry Mill & Chopper WF-8814,Title,Default Title,,,,,MRT-WB-WESTPOINT-046,,,Win Bachat,,0,0,0,6,0,6
westpoint-deluxe-4-in-1-juicer-blender-dry-mill-chopper-wf-8824,Westpoint Deluxe 4-in-1 Juicer Blender Dry Mill & Chopper WF-8824,Title,Default Title,,,,,MRT-WB-WESTPOINT-047,,,Win Bachat,,0,0,0,6,0,6
westpoint-hard-fruit-juicer-wf-2405,Westpoint Hard Fruit Juicer WF-2405,Title,Default Title,,,,,MRT-WB-WESTPOINT-048,,,Win Bachat,,0,0,0,6,0,6
westpoint-deluxe-juicer-wf-5160,Westpoint Deluxe Juicer WF-5160,Title,Default Title,,,,,MRT-WB-WESTPOINT-049,,,Win Bachat,,0,0,0,6,0,6
westpoint-deluxe-juicer-wf-5161,Westpoint Deluxe Juicer WF-5161,Title,Default Title,,,,,MRT-WB-WESTPOINT-050,,,Win Bachat,,0,0,0,6,0,6
westpoint-professional-power-juicer-1000w-wf-5164,Westpoint Professional Power Juicer 1000W WF-5164,Title,Default Title,,,,,MRT-WB-WESTPOINT-051,,,Win Bachat,,0,0,0,6,0,6
westpoint-professional-slow-juicer-wf-5165,Westpoint Professional Slow Juicer WF-5165,Title,Default Title,,,,,MRT-WB-WESTPOINT-052,,,Win Bachat,,0,0,0,6,0,6
westpoint-deluxe-hard-fruit-juicer-wf-1186,Westpoint Deluxe Hard Fruit Juicer WF-1186,Title,Default Title,,,,,MRT-WB-WESTPOINT-053,,,Win Bachat,,0,0,0,6,0,6
westpoint-deluxe-air-fryer-wf-3256,Westpoint Deluxe Air Fryer WF-3256,Title,Default Title,,,,,MRT-WB-WESTPOINT-054,,,Win Bachat,,0,0,0,6,0,6
westpoint-deluxe-easy-fryer-xl-wf-4257,Westpoint Deluxe Easy Fryer XL WF-4257,Title,Default Title,,,,,MRT-WB-WESTPOINT-055,,,Win Bachat,,0,0,0,6,0,6
westpoint-deluxe-air-fryer-8l-wf-4256,Westpoint Deluxe Air Fryer 8L WF-4256,Title,Default Title,,,,,MRT-WB-WESTPOINT-056,,,Win Bachat,,0,0,0,6,0,6
westpoint-deluxe-dual-air-fryer-wf-4258,Westpoint Deluxe Dual Air Fryer WF-4258,Title,Default Title,,,,,MRT-WB-WESTPOINT-057,,,Win Bachat,,0,0,0,6,0,6
westpoint-deluxe-air-fryer-wf-4259,Westpoint Deluxe Air Fryer WF-4259,Title,Default Title,,,,,MRT-WB-WESTPOINT-058,,,Win Bachat,,0,0,0,6,0,6
westpoint-deluxe-easy-fryer-xl-wf-5257,Westpoint Deluxe Easy Fryer XL WF-5257,Title,Default Title,,,,,MRT-WB-WESTPOINT-059,,,Win Bachat,,0,0,0,6,0,6
westpoint-deluxe-air-fryer-wf-5253,Westpoint Deluxe Air Fryer WF-5253,Title,Default Title,,,,,MRT-WB-WESTPOINT-060,,,Win Bachat,,0,0,0,6,0,6
westpoint-deluxe-air-fryer-wf-5255,Westpoint Deluxe Air Fryer WF-5255,Title,Default Title,,,,,MRT-WB-WESTPOINT-061,,,Win Bachat,,0,0,0,6,0,6
westpoint-air-fryer-wf-5256,Westpoint Air Fryer WF-5256,Title,Default Title,,,,,MRT-WB-WESTPOINT-062,,,Win Bachat,,0,0,0,6,0,6
westpoint-deluxe-air-fryer-rotisserie-oven-wf-5259,Westpoint Deluxe Air Fryer Rotisserie Oven WF-5259,Title,Default Title,,,,,MRT-WB-WESTPOINT-063,,,Win Bachat,,0,0,0,6,0,6
westpoint-professional-power-air-fryer-oven-wf-5258,Westpoint Professional Power Air Fryer Oven WF-5258,Title,Default Title,,,,,MRT-WB-WESTPOINT-064,,,Win Bachat,,0,0,0,6,0,6
westpoint-deluxe-dual-heating-air-fryer-wf-7259,Westpoint Deluxe Dual Heating Air Fryer WF-7259,Title,Default Title,,,,,MRT-WB-WESTPOINT-065,,,Win Bachat,,0,0,0,6,0,6
westpoint-deluxe-air-fryer-wf-7260,Westpoint Deluxe Air Fryer WF-7260,Title,Default Title,,,,,MRT-WB-WESTPOINT-066,,,Win Bachat,,0,0,0,6,0,6
westpoint-deluxe-air-fryer-1400w-wf-5254,Westpoint Deluxe Air Fryer 1400W WF-5254,Title,Default Title,,,,,MRT-WB-WESTPOINT-067,,,Win Bachat,,0,0,0,6,0,6
westpoint-cordless-electric-kettle-wf-410,Westpoint Cordless Electric Kettle WF-410,Title,Default Title,,,,,MRT-WB-WESTPOINT-068,,,Win Bachat,,0,0,0,6,0,6
westpoint-deluxe-cordless-electric-kettle-wf-411,Westpoint Deluxe Cordless Electric Kettle WF-411,Title,Default Title,,,,,MRT-WB-WESTPOINT-069,,,Win Bachat,,0,0,0,6,0,6
westpoint-17l-cordless-kettle-wf-3117,Westpoint 1.7L Cordless Kettle WF-3117,Title,Default Title,,,,,MRT-WB-WESTPOINT-070,,,Win Bachat,,0,0,0,6,0,6
westpoint-17l-cordless-kettle-wf-3118,Westpoint 1.7L Cordless Kettle WF-3118,Title,Default Title,,,,,MRT-WB-WESTPOINT-071,,,Win Bachat,,0,0,0,6,0,6
westpoint-deluxe-17l-cordless-kettle-wf-3119,Westpoint Deluxe 1.7L Cordless Kettle WF-3119,Title,Default Title,,,,,MRT-WB-WESTPOINT-072,,,Win Bachat,,0,0,0,6,0,6
westpoint-deluxe-17l-cordless-kettle-wf-8266,Westpoint Deluxe 1.7L Cordless Kettle WF-8266,Title,Default Title,,,,,MRT-WB-WESTPOINT-073,,,Win Bachat,,0,0,0,6,0,6
westpoint-deluxe-17l-cordless-kettle-wf-8267,Westpoint Deluxe 1.7L Cordless Kettle WF-8267,Title,Default Title,,,,,MRT-WB-WESTPOINT-074,,,Win Bachat,,0,0,0,6,0,6
westpoint-deluxe-17l-cordless-kettle-wf-8269,Westpoint Deluxe 1.7L Cordless Kettle WF-8269,Title,Default Title,,,,,MRT-WB-WESTPOINT-075,,,Win Bachat,,0,0,0,6,0,6
westpoint-professional-cordless-kettle-wf-8270,Westpoint Professional Cordless Kettle WF-8270,Title,Default Title,,,,,MRT-WB-WESTPOINT-076,,,Win Bachat,,0,0,0,6,0,6
westpoint-professional-42l-stainless-steel-cordless-kettle-wf-6178,Westpoint Professional 4.2L Stainless Steel Cordless Kettle WF-6178,Title,Default Title,,,,,MRT-WB-WESTPOINT-077,,,Win Bachat,,0,0,0,6,0,6
westpoint-17l-stainless-steel-cordless-kettle-wf-6171,Westpoint 1.7L Stainless Steel Cordless Kettle WF-6171,Title,Default Title,,,,,MRT-WB-WESTPOINT-078,,,Win Bachat,,0,0,0,6,0,6
westpoint-deluxe-17l-stainless-steel-cordless-kettle-wf-6172,Westpoint Deluxe 1.7L Stainless Steel Cordless Kettle WF-6172,Title,Default Title,,,,,MRT-WB-WESTPOINT-079,,,Win Bachat,,0,0,0,6,0,6
westpoint-deluxe-17l-stainless-steel-cordless-kettle-wf-6173,Westpoint Deluxe 1.7L Stainless Steel Cordless Kettle WF-6173,Title,Default Title,,,,,MRT-WB-WESTPOINT-080,,,Win Bachat,,0,0,0,6,0,6
westpoint-deluxe-17l-stainless-steel-cordless-kettle-wf-6174,Westpoint Deluxe 1.7L Stainless Steel Cordless Kettle WF-6174,Title,Default Title,,,,,MRT-WB-WESTPOINT-081,,,Win Bachat,,0,0,0,6,0,6
westpoint-deluxe-17l-cordless-kettle-wf-6184,Westpoint Deluxe 1.7L Cordless Kettle WF-6184,Title,Default Title,,,,,MRT-WB-WESTPOINT-082,,,Win Bachat,,0,0,0,6,0,6
westpoint-deluxe-18l-multifunction-kettle-wf-6175,Westpoint Deluxe 1.8L Multifunction Kettle WF-6175,Title,Default Title,,,,,MRT-WB-WESTPOINT-083,,,Win Bachat,,0,0,0,6,0,6
westpoint-deluxe-18l-multifunction-kettle-wf-6275,Westpoint Deluxe 1.8L Multifunction Kettle WF-6275,Title,Default Title,,,,,MRT-WB-WESTPOINT-084,,,Win Bachat,,0,0,0,6,0,6
westpoint-deluxe-digital-bath-scale-wf-7006,Westpoint Deluxe Digital Bath Scale WF-7006,Title,Default Title,,,,,MRT-WB-WESTPOINT-085,,,Win Bachat,,0,0,0,6,0,6
westpoint-deluxe-digital-bath-scale-wf-7007,Westpoint Deluxe Digital Bath Scale WF-7007,Title,Default Title,,,,,MRT-WB-WESTPOINT-086,,,Win Bachat,,0,0,0,6,0,6
westpoint-deluxe-digital-bath-scale-wf-7008,Westpoint Deluxe Digital Bath Scale WF-7008,Title,Default Title,,,,,MRT-WB-WESTPOINT-087,,,Win Bachat,,0,0,0,6,0,6
westpoint-deluxe-digital-bath-scale-wf-7009,Westpoint Deluxe Digital Bath Scale WF-7009,Title,Default Title,,,,,MRT-WB-WESTPOINT-088,,,Win Bachat,,0,0,0,6,0,6
westpoint-deluxe-digital-bath-scale-wf-7005,Westpoint Deluxe Digital Bath Scale WF-7005,Title,Default Title,,,,,MRT-WB-WESTPOINT-089,,,Win Bachat,,0,0,0,6,0,6
westpoint-deluxe-bath-scale-wf-8605,Westpoint Deluxe Bath Scale WF-8605,Title,Default Title,,,,,MRT-WB-WESTPOINT-090,,,Win Bachat,,0,0,0,6,0,6
westpoint-deluxe-analog-bath-scale-wf-8607,Westpoint Deluxe Analog Bath Scale WF-8607,Title,Default Title,,,,,MRT-WB-WESTPOINT-091,,,Win Bachat,,0,0,0,6,0,6
westpoint-professional-digital-kitchen-scale-wf-4360,Westpoint Professional Digital Kitchen Scale WF-4360,Title,Default Title,,,,,MRT-WB-WESTPOINT-092,,,Win Bachat,,0,0,0,6,0,6
westpoint-digital-weight-scale-wf-7010,Westpoint Digital Weight Scale WF-7010,Title,Default Title,,,,,MRT-WB-WESTPOINT-093,,,Win Bachat,,0,0,0,6,0,6
westpoint-heavy-weight-6-lb-dry-iron-wf-78b,Westpoint Heavy Weight 6 lb Dry Iron WF-78B,Title,Default Title,,,,,MRT-WB-WESTPOINT-094,,,Win Bachat,,0,0,0,6,0,6
westpoint-heavy-weight-6-lb-dry-iron-wf-80,Westpoint Heavy Weight 6 lb Dry Iron WF-80,Title,Default Title,,,,,MRT-WB-WESTPOINT-095,,,Win Bachat,,0,0,0,6,0,6
westpoint-deluxe-heavy-weight-6-lb-dry-iron-wf-81b,Westpoint Deluxe Heavy Weight 6 lb Dry Iron WF-81B,Title,Default Title,,,,,MRT-WB-WESTPOINT-096,,,Win Bachat,,0,0,0,6,0,6
westpoint-heavy-weight-6-lb-dry-iron-wf-84,Westpoint Heavy Weight 6 lb Dry Iron WF-84,Title,Default Title,,,,,MRT-WB-WESTPOINT-097,,,Win Bachat,,0,0,0,6,0,6
westpoint-heavy-weight-6-lb-dry-iron-wf-85,Westpoint Heavy Weight 6 lb Dry Iron WF-85,Title,Default Title,,,,,MRT-WB-WESTPOINT-098,,,Win Bachat,,0,0,0,6,0,6
westpoint-deluxe-heavy-weight-6-lb-dry-iron-wf-86,Westpoint Deluxe Heavy Weight 6 lb Dry Iron WF-86,Title,Default Title,,,,,MRT-WB-WESTPOINT-099,,,Win Bachat,,0,0,0,6,0,6
westpoint-deluxe-heavy-weight-black-dry-iron-wf-90b,Westpoint Deluxe Heavy Weight Black Dry Iron WF-90B,Title,Default Title,,,,,MRT-WB-WESTPOINT-100,,,Win Bachat,,0,0,0,6,0,6
westpoint-deluxe-heavy-weight-black-dry-iron-wf-98b,Westpoint Deluxe Heavy Weight Black Dry Iron WF-98B,Title,Default Title,,,,,MRT-WB-WESTPOINT-101,,,Win Bachat,,0,0,0,6,0,6
westpoint-deluxe-midi-weight-dry-iron-wf-672,Westpoint Deluxe Midi Weight Dry Iron WF-672,Title,Default Title,,,,,MRT-WB-WESTPOINT-102,,,Win Bachat,,0,0,0,6,0,6
westpoint-deluxe-midi-weight-dry-iron-wf-772,Westpoint Deluxe Midi Weight Dry Iron WF-772,Title,Default Title,,,,,MRT-WB-WESTPOINT-103,,,Win Bachat,,0,0,0,6,0,6
westpoint-deluxe-midi-weight-dry-iron-wf-773,Westpoint Deluxe Midi Weight Dry Iron WF-773,Title,Default Title,,,,,MRT-WB-WESTPOINT-104,,,Win Bachat,,0,0,0,6,0,6
westpoint-deluxe-dry-iron-with-spray-wf-2386,Westpoint Deluxe Dry Iron with Spray WF-2386,Title,Default Title,,,,,MRT-WB-WESTPOINT-105,,,Win Bachat,,0,0,0,6,0,6
westpoint-deluxe-1200w-dry-iron-wf-2432,Westpoint Deluxe 1200W Dry Iron WF-2432,Title,Default Title,,,,,MRT-WB-WESTPOINT-106,,,Win Bachat,,0,0,0,6,0,6
westpoint-deluxe-steam-iron-wf-2020,Westpoint Deluxe Steam Iron WF-2020,Title,Default Title,,,,,MRT-WB-WESTPOINT-107,,,Win Bachat,,0,0,0,6,0,6
westpoint-deluxe-dry-iron-wf-2430,Westpoint Deluxe Dry Iron WF-2430,Title,Default Title,,,,,MRT-WB-WESTPOINT-108,,,Win Bachat,,0,0,0,6,0,6
westpoint-deluxe-dry-iron-with-spray-wf-2431,Westpoint Deluxe Dry Iron with Spray WF-2431,Title,Default Title,,,,,MRT-WB-WESTPOINT-109,,,Win Bachat,,0,0,0,6,0,6
westpoint-deluxe-dry-iron-wf-2451,Westpoint Deluxe Dry Iron WF-2451,Title,Default Title,,,,,MRT-WB-WESTPOINT-110,,,Win Bachat,,0,0,0,6,0,6
westpoint-steam-iron-wf-2065,Westpoint Steam Iron WF-2065,Title,Default Title,,,,,MRT-WB-WESTPOINT-111,,,Win Bachat,,0,0,0,6,0,6
westpoint-deluxe-steam-iron-wf-2064,Westpoint Deluxe Steam Iron WF-2064,Title,Default Title,,,,,MRT-WB-WESTPOINT-112,,,Win Bachat,,0,0,0,6,0,6
westpoint-deluxe-steam-iron-wf-2063,Westpoint Deluxe Steam Iron WF-2063,Title,Default Title,,,,,MRT-WB-WESTPOINT-113,,,Win Bachat,,0,0,0,6,0,6
westpoint-deluxe-blender-grinder-2-in-1-wf-7181,Westpoint Deluxe Blender & Grinder 2 in 1 WF-7181,Title,Default Title,,,,,MRT-WB-WESTPOINT-114,,,Win Bachat,,0,0,0,6,0,6
westpoint-deluxe-blender-dry-mill-2-in-1-wf-7381,Westpoint Deluxe Blender & Dry Mill 2 in 1 WF-7381,Title,Default Title,,,,,MRT-WB-WESTPOINT-115,,,Win Bachat,,0,0,0,6,0,6
westpoint-deluxe-blender-grinder-2-in-1-wf-9291,Westpoint Deluxe Blender & Grinder 2 in 1 WF-9291,Title,Default Title,,,,,MRT-WB-WESTPOINT-116,,,Win Bachat,,0,0,0,6,0,6
westpoint-deluxe-blender-grinder-chopper-3-in-1-wf-9491,"Westpoint Deluxe Blender, Grinder & Chopper 3 in 1 WF-9491",Title,Default Title,,,,,MRT-WB-WESTPOINT-117,,,Win Bachat,,0,0,0,6,0,6
westpoint-deluxe-blender-grinder-2-in-1-wf-332,Westpoint Deluxe Blender & Grinder 2 in 1 WF-332,Title,Default Title,,,,,MRT-WB-WESTPOINT-118,,,Win Bachat,,0,0,0,6,0,6
westpoint-deluxe-blender-grinder-2-in-1-wf-3321,Westpoint Deluxe Blender & Grinder 2 in 1 WF-3321,Title,Default Title,,,,,MRT-WB-WESTPOINT-119,,,Win Bachat,,0,0,0,6,0,6
westpoint-deluxe-blender-grinder-3-in-1-wf-3331,Westpoint Deluxe Blender & Grinder 3 in 1 WF-3331,Title,Default Title,,,,,MRT-WB-WESTPOINT-120,,,Win Bachat,,0,0,0,6,0,6
westpoint-deluxe-blender-grinder-3-in-1-wf-333,Westpoint Deluxe Blender & Grinder 3 in 1 WF-333,Title,Default Title,,,,,MRT-WB-WESTPOINT-121,,,Win Bachat,,0,0,0,6,0,6
westpoint-professional-blender-grinder-2-in-1-wf-372,Westpoint Professional Blender & Grinder 2 in 1 WF-372,Title,Default Title,,,,,MRT-WB-WESTPOINT-122,,,Win Bachat,,0,0,0,6,0,6
westpoint-professional-blender-grinder-3-in-1-wf-373,Westpoint Professional Blender & Grinder 3 in 1 WF-373,Title,Default Title,,,,,MRT-WB-WESTPOINT-123,,,Win Bachat,,0,0,0,6,0,6
westpoint-commercial-1500w-power-blender-wf-448,Westpoint Commercial 1500W Power Blender WF-448,Title,Default Title,,,,,MRT-WB-WESTPOINT-124,,,Win Bachat,,0,0,0,6,0,6
westpoint-deluxe-1500w-nutri-blast-blender-wf-449,Westpoint Deluxe 1500W Nutri Blast Blender WF-449,Title,Default Title,,,,,MRT-WB-WESTPOINT-125,,,Win Bachat,,0,0,0,6,0,6
westpoint-deluxe-blender-grinder-3-in-1-wf-342,Westpoint Deluxe Blender & Grinder 3 in 1 WF-342,Title,Default Title,,,,,MRT-WB-WESTPOINT-126,,,Win Bachat,,0,0,0,6,0,6
westpoint-deluxe-blender-grinder-3-in-1-wf-343,Westpoint Deluxe Blender & Grinder 3 in 1 WF-343,Title,Default Title,,,,,MRT-WB-WESTPOINT-127,,,Win Bachat,,0,0,0,6,0,6
westpoint-deluxe-steel-body-blender-grinder-wf-364,Westpoint Deluxe Steel Body Blender & Grinder WF-364,Title,Default Title,,,,,MRT-WB-WESTPOINT-128,,,Win Bachat,,0,0,0,6,0,6
westpoint-blender-chopper-grinder-3-in-1-wf-367,"Westpoint Blender, Chopper & Grinder 3 in 1 WF-367",Title,Default Title,,,,,MRT-WB-WESTPOINT-129,,,Win Bachat,,0,0,0,6,0,6
westpoint-professional-wet-dry-spice-grinder-wf-9225,Westpoint Professional Wet & Dry Spice Grinder WF-9225,Title,Default Title,,,,,MRT-WB-WESTPOINT-130,,,Win Bachat,,0,0,0,6,0,6
westpoint-deluxe-coffee-spice-grinder-wf-9224,Westpoint Deluxe Coffee & Spice Grinder WF-9224,Title,Default Title,,,,,MRT-WB-WESTPOINT-131,,,Win Bachat,,0,0,0,6,0,6
westpoint-spice-grinder-wf-9223,Westpoint Spice Grinder WF-9223,Title,Default Title,,,,,MRT-WB-WESTPOINT-132,,,Win Bachat,,0,0,0,6,0,6
westpoint-wet-dry-spice-grinder-wf-9226,Westpoint Wet & Dry Spice Grinder WF-9226,Title,Default Title,,,,,MRT-WB-WESTPOINT-133,,,Win Bachat,,0,0,0,6,0,6
westpoint-deluxe-coffee-maker-wf-2023,Westpoint Deluxe Coffee Maker WF-2023,Title,Default Title,,,,,MRT-WB-WESTPOINT-134,,,Win Bachat,,0,0,0,6,0,6
westpoint-professional-programmable-coffee-maker-wf-2024,Westpoint Professional Programmable Coffee Maker WF-2024,Title,Default Title,,,,,MRT-WB-WESTPOINT-135,,,Win Bachat,,0,0,0,6,0,6
westpoint-deluxe-dry-wet-grinder-wf-9228,Westpoint Deluxe Dry & Wet Grinder WF-9228,Title,Default Title,,,,,MRT-WB-WESTPOINT-136,,,Win Bachat,,0,0,0,6,0,6
westpoint-professional-coffee-maker-wf-2025,Westpoint Professional Coffee Maker WF-2025,Title,Default Title,,,,,MRT-WB-WESTPOINT-137,,,Win Bachat,,0,0,0,6,0,6
westpoint-professional-robomax-5-in-1-juice-extractor-wf-8818,Westpoint Professional RoboMax 5 in 1 Juice Extractor WF-8818,Title,Default Title,,,,,MRT-WB-WESTPOINT-138,,,Win Bachat,,0,0,0,6,0,6
westpoint-deluxe-kitchen-chef-food-processor-wf-2803,Westpoint Deluxe Kitchen Chef Food Processor WF-2803,Title,Default Title,,,,,MRT-WB-WESTPOINT-139,,,Win Bachat,,0,0,0,6,0,6
westpoint-deluxe-kitchen-chef-food-processor-wf-2804,Westpoint Deluxe Kitchen Chef Food Processor WF-2804,Title,Default Title,,,,,MRT-WB-WESTPOINT-140,,,Win Bachat,,0,0,0,6,0,6
westpoint-deluxe-kitchen-chef-food-processor-wf-2805,Westpoint Deluxe Kitchen Chef Food Processor WF-2805,Title,Default Title,,,,,MRT-WB-WESTPOINT-141,,,Win Bachat,,0,0,0,6,0,6
westpoint-deluxe-kitchen-chef-food-processor-wf-3804,Westpoint Deluxe Kitchen Chef Food Processor WF-3804,Title,Default Title,,,,,MRT-WB-WESTPOINT-142,,,Win Bachat,,0,0,0,6,0,6
westpoint-professional-kitchen-chef-3-in-1-wf-1844,Westpoint Professional Kitchen Chef 3 in 1 WF-1844,Title,Default Title,,,,,MRT-WB-WESTPOINT-143,,,Win Bachat,,0,0,0,6,0,6
westpoint-professional-kitchen-chef-wf-1847,Westpoint Professional Kitchen Chef WF-1847,Title,Default Title,,,,,MRT-WB-WESTPOINT-144,,,Win Bachat,,0,0,0,6,0,6
westpoint-professional-kitchen-chef-wf-1860,Westpoint Professional Kitchen Chef WF-1860,Title,Default Title,,,,,MRT-WB-WESTPOINT-145,,,Win Bachat,,0,0,0,6,0,6
westpoint-deluxe-kitchen-chef-wf-4805,Westpoint Deluxe Kitchen Chef WF-4805,Title,Default Title,,,,,MRT-WB-WESTPOINT-146,,,Win Bachat,,0,0,0,6,0,6
westpoint-deluxe-kitchen-chef-5-in-1-wf-4806,Westpoint Deluxe Kitchen Chef 5 in 1 WF-4806,Title,Default Title,,,,,MRT-WB-WESTPOINT-147,,,Win Bachat,,0,0,0,6,0,6
westpoint-deluxe-kitchen-chef-wf-5805,Westpoint Deluxe Kitchen Chef WF-5805,Title,Default Title,,,,,MRT-WB-WESTPOINT-148,,,Win Bachat,,0,0,0,6,0,6
westpoint-professional-kitchen-chef-wf-5806,Westpoint Professional Kitchen Chef WF-5806,Title,Default Title,,,,,MRT-WB-WESTPOINT-149,,,Win Bachat,,0,0,0,6,0,6
westpoint-professional-kitchen-chef-wf-7805,Westpoint Professional Kitchen Chef WF-7805,Title,Default Title,,,,,MRT-WB-WESTPOINT-150,,,Win Bachat,,0,0,0,6,0,6
westpoint-professional-kitchen-chef-wf-7806,Westpoint Professional Kitchen Chef WF-7806,Title,Default Title,,,,,MRT-WB-WESTPOINT-151,,,Win Bachat,,0,0,0,6,0,6
westpoint-professional-kitchen-robot-wf-8815,Westpoint Professional Kitchen Robot WF-8815,Title,Default Title,,,,,MRT-WB-WESTPOINT-152,,,Win Bachat,,0,0,0,6,0,6
westpoint-professional-robomax-food-processor-wf-8817,Westpoint Professional RoboMax Food Processor WF-8817,Title,Default Title,,,,,MRT-WB-WESTPOINT-153,,,Win Bachat,,0,0,0,6,0,6
westpoint-professional-robomax-multifunction-food-processor-wf-8819,Westpoint Professional RoboMax Multifunction Food Processor WF-8819,Title,Default Title,,,,,MRT-WB-WESTPOINT-154,,,Win Bachat,,0,0,0,6,0,6
westpoint-deluxe-hand-mixer-wf-9301,Westpoint Deluxe Hand Mixer WF-9301,Title,Default Title,,,,,MRT-WB-WESTPOINT-155,,,Win Bachat,,0,0,0,6,0,6
westpoint-deluxe-hand-mixer-wf-9401,Westpoint Deluxe Hand Mixer WF-9401,Title,Default Title,,,,,MRT-WB-WESTPOINT-156,,,Win Bachat,,0,0,0,6,0,6
westpoint-deluxe-hand-mixer-wf-9501,Westpoint Deluxe Hand Mixer WF-9501,Title,Default Title,,,,,MRT-WB-WESTPOINT-157,,,Win Bachat,,0,0,0,6,0,6
westpoint-deluxe-hand-mixer-wf-9601,Westpoint Deluxe Hand Mixer WF-9601,Title,Default Title,,,,,MRT-WB-WESTPOINT-158,,,Win Bachat,,0,0,0,6,0,6
westpoint-deluxe-hand-mixer-wf-9701,Westpoint Deluxe Hand Mixer WF-9701,Title,Default Title,,,,,MRT-WB-WESTPOINT-159,,,Win Bachat,,0,0,0,6,0,6
westpoint-deluxe-hand-blender-wf-4201,Westpoint Deluxe Hand Blender WF-4201,Title,Default Title,,,,,MRT-WB-WESTPOINT-160,,,Win Bachat,,0,0,0,6,0,6
westpoint-deluxe-hand-mixer-hand-blender-wf-9802,Westpoint Deluxe Hand Mixer Hand Blender WF-9802,Title,Default Title,,,,,MRT-WB-WESTPOINT-161,,,Win Bachat,,0,0,0,6,0,6
westpoint-deluxe-hand-mixer-wf-9806,Westpoint Deluxe Hand Mixer WF-9806,Title,Default Title,,,,,MRT-WB-WESTPOINT-162,,,Win Bachat,,0,0,0,6,0,6
westpoint-deluxe-hand-mixer-wf-9807,Westpoint Deluxe Hand Mixer WF-9807,Title,Default Title,,,,,MRT-WB-WESTPOINT-163,,,Win Bachat,,0,0,0,6,0,6
westpoint-deluxe-hand-mixer-wf-9901,Westpoint Deluxe Hand Mixer WF-9901,Title,Default Title,,,,,MRT-WB-WESTPOINT-164,,,Win Bachat,,0,0,0,6,0,6
westpoint-deluxe-hand-blender-wf-9914,Westpoint Deluxe Hand Blender WF-9914,Title,Default Title,,,,,MRT-WB-WESTPOINT-165,,,Win Bachat,,0,0,0,6,0,6
westpoint-deluxe-hand-blender-wf-9915,Westpoint Deluxe Hand Blender WF-9915,Title,Default Title,,,,,MRT-WB-WESTPOINT-166,,,Win Bachat,,0,0,0,6,0,6
westpoint-deluxe-hand-blender-3-in-1-wf-9916,Westpoint Deluxe Hand Blender 3 in 1 WF-9916,Title,Default Title,,,,,MRT-WB-WESTPOINT-167,,,Win Bachat,,0,0,0,6,0,6
westpoint-deluxe-steel-body-hand-mixer-wf-9801,Westpoint Deluxe Steel Body Hand Mixer WF-9801,Title,Default Title,,,,,MRT-WB-WESTPOINT-168,,,Win Bachat,,0,0,0,6,0,6
westpoint-deluxe-steel-body-hand-mixer-wf-9805,Westpoint Deluxe Steel Body Hand Mixer WF-9805,Title,Default Title,,,,,MRT-WB-WESTPOINT-169,,,Win Bachat,,0,0,0,6,0,6
westpoint-deluxe-hand-blender-wf-9814,Westpoint Deluxe Hand Blender WF-9814,Title,Default Title,,,,,MRT-WB-WESTPOINT-170,,,Win Bachat,,0,0,0,6,0,6
westpoint-deluxe-hand-blender-wf-9815,Westpoint Deluxe Hand Blender WF-9815,Title,Default Title,,,,,MRT-WB-WESTPOINT-171,,,Win Bachat,,0,0,0,6,0,6
westpoint-deluxe-hand-blender-3-in-1-wf-9816,Westpoint Deluxe Hand Blender 3 in 1 WF-9816,Title,Default Title,,,,,MRT-WB-WESTPOINT-172,,,Win Bachat,,0,0,0,6,0,6
westpoint-deluxe-stand-mixer-wf-9826,Westpoint Deluxe Stand Mixer WF-9826,Title,Default Title,,,,,MRT-WB-WESTPOINT-173,,,Win Bachat,,0,0,0,6,0,6
westpoint-deluxe-stand-mixer-wf-9827,Westpoint Deluxe Stand Mixer WF-9827,Title,Default Title,,,,,MRT-WB-WESTPOINT-174,,,Win Bachat,,0,0,0,6,0,6
westpoint-1000w-steel-hand-blender-wf-9934,Westpoint 1000W Steel Hand Blender WF-9934,Title,Default Title,,,,,MRT-WB-WESTPOINT-175,,,Win Bachat,,0,0,0,6,0,6
westpoint-deluxe-hand-blender-2-in-1-with-milk-frother-wf-9935,Westpoint Deluxe Hand Blender 2 in 1 with Milk Frother WF-9935,Title,Default Title,,,,,MRT-WB-WESTPOINT-176,,,Win Bachat,,0,0,0,6,0,6
westpoint-deluxe-hand-blender-3-in-1-wf-9936,Westpoint Deluxe Hand Blender 3 in 1 WF-9936,Title,Default Title,,,,,MRT-WB-WESTPOINT-177,,,Win Bachat,,0,0,0,6,0,6
westpoint-professional-hand-blender-600w-wf-9714,Westpoint Professional Hand Blender 600W WF-9714,Title,Default Title,,,,,MRT-WB-WESTPOINT-178,,,Win Bachat,,0,0,0,6,0,6
westpoint-hand-blender-with-egg-beater-wf-9715,Westpoint Hand Blender with Egg Beater WF-9715,Title,Default Title,,,,,MRT-WB-WESTPOINT-179,,,Win Bachat,,0,0,0,6,0,6
westpoint-deluxe-hand-blender-steel-rod-wf-9214,Westpoint Deluxe Hand Blender Steel Rod WF-9214,Title,Default Title,,,,,MRT-WB-WESTPOINT-180,,,Win Bachat,,0,0,0,6,0,6
westpoint-deluxe-hand-blender-with-egg-beater-wf-9215,Westpoint Deluxe Hand Blender with Egg Beater WF-9215,Title,Default Title,,,,,MRT-WB-WESTPOINT-181,,,Win Bachat,,0,0,0,6,0,6
westpoint-deluxe-hand-blender-3-in-1-wf-9216,Westpoint Deluxe Hand Blender 3 in 1 WF-9216,Title,Default Title,,,,,MRT-WB-WESTPOINT-182,,,Win Bachat,,0,0,0,6,0,6
westpoint-deluxe-stand-mixer-wf-4616,Westpoint Deluxe Stand Mixer WF-4616,Title,Default Title,,,,,MRT-WB-WESTPOINT-183,,,Win Bachat,,0,0,0,6,0,6
westpoint-deluxe-stand-mixer-wf-4626,Westpoint Deluxe Stand Mixer WF-4626,Title,Default Title,,,,,MRT-WB-WESTPOINT-184,,,Win Bachat,,0,0,0,6,0,6
westpoint-deluxe-stand-mixer-with-blender-wf-4627b,Westpoint Deluxe Stand Mixer with Blender WF-4627B,Title,Default Title,,,,,MRT-WB-WESTPOINT-185,,,Win Bachat,,0,0,0,6,0,6
westpoint-deluxe-dough-maker-wf-3616,Westpoint Deluxe Dough Maker WF-3616,Title,Default Title,,,,,MRT-WB-WESTPOINT-186,,,Win Bachat,,0,0,0,6,0,6
westpoint-professional-stand-mixer-wf-4636,Westpoint Professional Stand Mixer WF-4636,Title,Default Title,,,,,MRT-WB-WESTPOINT-187,,,Win Bachat,,0,0,0,6,0,6
westpoint-professional-stand-mixer-wf-4646,Westpoint Professional Stand Mixer WF-4646,Title,Default Title,,,,,MRT-WB-WESTPOINT-188,,,Win Bachat,,0,0,0,6,0,6
westpoint-rotisserie-oven-with-kebab-grill-wf-2800r,Westpoint Rotisserie Oven with Kebab Grill WF-2800R,Title,Default Title,,,,,MRT-WB-WESTPOINT-189,,,Win Bachat,,0,0,0,6,0,6
westpoint-deluxe-convection-rotisserie-oven-with-kebab-grill-wf-2310rk,Westpoint Deluxe Convection Rotisserie Oven with Kebab Grill WF-2310RK,Title,Default Title,,,,,MRT-WB-WESTPOINT-190,,,Win Bachat,,0,0,0,6,0,6
westpoint-deluxe-convection-rotisserie-oven-with-kebab-grill-wf-2610,Westpoint Deluxe Convection Rotisserie Oven with Kebab Grill WF-2610,Title,Default Title,,,,,MRT-WB-WESTPOINT-191,,,Win Bachat,,0,0,0,6,0,6
westpoint-deluxe-convection-rotisserie-oven-with-kebab-grill-wf-4711rkcd,Westpoint Deluxe Convection Rotisserie Oven with Kebab Grill WF-4711RKCD,Title,Default Title,,,,,MRT-WB-WESTPOINT-192,,,Win Bachat,,0,0,0,6,0,6
westpoint-convection-rotisserie-oven-with-kebab-grill-wf-4800rkc,Westpoint Convection Rotisserie Oven with Kebab Grill WF-4800RKC,Title,Default Title,,,,,MRT-WB-WESTPOINT-193,,,Win Bachat,,0,0,0,6,0,6
westpoint-oven-toaster-wf-7500,Westpoint Oven Toaster WF-7500,Title,Default Title,,,,,MRT-WB-WESTPOINT-194,,,Win Bachat,,0,0,0,6,0,6
westpoint-professional-convection-rotisserie-oven-with-kebab-grill-wf-5500rkcd,Westpoint Professional Convection Rotisserie Oven with Kebab Grill WF-5500RKCD,Title,Default Title,,,,,MRT-WB-WESTPOINT-195,,,Win Bachat,,0,0,0,6,0,6
westpoint-deluxe-convection-rotisserie-oven-with-kebab-grill-wf-4500rkc,Westpoint Deluxe Convection Rotisserie Oven with Kebab Grill WF-4500RKC,Title,Default Title,,,,,MRT-WB-WESTPOINT-196,,,Win Bachat,,0,0,0,6,0,6
westpoint-deluxe-convection-rotisserie-oven-with-kebab-grill-wf-6300rkc,Westpoint Deluxe Convection Rotisserie Oven with Kebab Grill WF-6300RKC,Title,Default Title,,,,,MRT-WB-WESTPOINT-197,,,Win Bachat,,0,0,0,6,0,6
westpoint-deluxe-citrus-juicer-wf-545,Westpoint Deluxe Citrus Juicer WF-545,Title,Default Title,,,,,MRT-WB-WESTPOINT-198,,,Win Bachat,,0,0,0,6,0,6
westpoint-deluxe-citrus-juicer-wf-550,Westpoint Deluxe Citrus Juicer WF-550,Title,Default Title,,,,,MRT-WB-WESTPOINT-199,,,Win Bachat,,0,0,0,6,0,6
westpoint-deluxe-stainless-steel-citrus-juicer-wf-553,Westpoint Deluxe Stainless Steel Citrus Juicer WF-553,Title,Default Title,,,,,MRT-WB-WESTPOINT-200,,,Win Bachat,,0,0,0,6,0,6
westpoint-deluxe-citrus-juicer-wf-546,Westpoint Deluxe Citrus Juicer WF-546,Title,Default Title,,,,,MRT-WB-WESTPOINT-201,,,Win Bachat,,0,0,0,6,0,6
westpoint-deluxe-stainless-steel-citrus-juicer-wf-554,Westpoint Deluxe Stainless Steel Citrus Juicer WF-554,Title,Default Title,,,,,MRT-WB-WESTPOINT-202,,,Win Bachat,,0,0,0,6,0,6
westpoint-deluxe-2-slice-sandwich-maker-wf-639,Westpoint Deluxe 2-Slice Sandwich Maker WF-639,Title,Default Title,,,,,MRT-WB-WESTPOINT-203,,,Win Bachat,,0,0,0,6,0,6
westpoint-deluxe-2-slice-sandwich-toaster-wf-671,Westpoint Deluxe 2-Slice Sandwich Toaster WF-671,Title,Default Title,,,,,MRT-WB-WESTPOINT-204,,,Win Bachat,,0,0,0,6,0,6
westpoint-deluxe-2-slice-sandwich-maker-wf-694,Westpoint Deluxe 2-Slice Sandwich Maker WF-694,Title,Default Title,,,,,MRT-WB-WESTPOINT-205,,,Win Bachat,,0,0,0,6,0,6
westpoint-deluxe-2-slice-sandwich-maker-with-grill-wf-6696,Westpoint Deluxe 2-Slice Sandwich Maker with Grill WF-6696,Title,Default Title,,,,,MRT-WB-WESTPOINT-206,,,Win Bachat,,0,0,0,6,0,6
westpoint-deluxe-2-slice-sandwich-toaster-wf-6697,Westpoint Deluxe 2-Slice Sandwich Toaster WF-6697,Title,Default Title,,,,,MRT-WB-WESTPOINT-207,,,Win Bachat,,0,0,0,6,0,6
westpoint-deluxe-sandwich-toaster-wf-6686,Westpoint Deluxe Sandwich Toaster WF-6686,Title,Default Title,,,,,MRT-WB-WESTPOINT-208,,,Win Bachat,,0,0,0,6,0,6
westpoint-deluxe-3-in-1-sandwich-toaster-wf-6393,Westpoint Deluxe 3-in-1 Sandwich Toaster WF-6393,Title,Default Title,,,,,MRT-WB-WESTPOINT-209,,,Win Bachat,,0,0,0,6,0,6
westpoint-deluxe-3-in-1-sandwich-maker-wf-6093,Westpoint Deluxe 3-in-1 Sandwich Maker WF-6093,Title,Default Title,,,,,MRT-WB-WESTPOINT-210,,,Win Bachat,,0,0,0,6,0,6
westpoint-deluxe-3-in-1-sandwich-maker-wf-6193,Westpoint Deluxe 3-in-1 Sandwich Maker WF-6193,Title,Default Title,,,,,MRT-WB-WESTPOINT-211,,,Win Bachat,,0,0,0,6,0,6
westpoint-deluxe-3-in-1-sandwich-toaster-wf-6293,Westpoint Deluxe 3-in-1 Sandwich Toaster WF-6293,Title,Default Title,,,,,MRT-WB-WESTPOINT-212,,,Win Bachat,,0,0,0,6,0,6
westpoint-deluxe-ceramic-cooker-wf-142,Westpoint Deluxe Ceramic Cooker WF-142,Title,Default Title,,,,,MRT-WB-WESTPOINT-213,,,Win Bachat,,0,0,0,6,0,6
westpoint-deluxe-induction-cooker-wf-143,Westpoint Deluxe Induction Cooker WF-143,Title,Default Title,,,,,MRT-WB-WESTPOINT-214,,,Win Bachat,,0,0,0,6,0,6
westpoint-deluxe-hot-plate-wf-271,Westpoint Deluxe Hot Plate WF-271,Title,Default Title,,,,,MRT-WB-WESTPOINT-215,,,Win Bachat,,0,0,0,6,0,6
westpoint-deluxe-double-hot-plate-wf-272,Westpoint Deluxe Double Hot Plate WF-272,Title,Default Title,,,,,MRT-WB-WESTPOINT-216,,,Win Bachat,,0,0,0,6,0,6
westpoint-professional-single-hot-plate-wf-251,Westpoint Professional Single Hot Plate WF-251,Title,Default Title,,,,,MRT-WB-WESTPOINT-217,,,Win Bachat,,0,0,0,6,0,6
westpoint-professional-dual-hot-plate-wf-252,Westpoint Professional Dual Hot Plate WF-252,Title,Default Title,,,,,MRT-WB-WESTPOINT-218,,,Win Bachat,,0,0,0,6,0,6
westpoint-professional-ceramic-cooker-wf-291,Westpoint Professional Ceramic Cooker WF-291,Title,Default Title,,,,,MRT-WB-WESTPOINT-219,,,Win Bachat,,0,0,0,6,0,6
westpoint-professional-double-ceramic-cooker-wf-292,Westpoint Professional Double Ceramic Cooker WF-292,Title,Default Title,,,,,MRT-WB-WESTPOINT-220,,,Win Bachat,,0,0,0,6,0,6
westpoint-deluxe-roti-maker-wf-6514t,Westpoint Deluxe Roti Maker WF-6514T,Title,Default Title,,,,,MRT-WB-WESTPOINT-221,,,Win Bachat,,0,0,0,6,0,6
westpoint-deluxe-ceramic-cooker-wf-152,Westpoint Deluxe Ceramic Cooker WF-152,Title,Default Title,,,,,MRT-WB-WESTPOINT-222,,,Win Bachat,,0,0,0,6,0,6
westpoint-deluxe-insect-killer-wf-7108-silver-8-inch,Westpoint Deluxe Insect Killer WF-7108 Silver 8-Inch,Title,Default Title,,,,,MRT-WB-WESTPOINT-223,,,Win Bachat,,0,0,0,6,0,6
westpoint-deluxe-insect-killer-wf-7110-black-1-foot,Westpoint Deluxe Insect Killer WF-7110 Black 1-Foot,Title,Default Title,,,,,MRT-WB-WESTPOINT-224,,,Win Bachat,,0,0,0,6,0,6
westpoint-deluxe-insect-killer-wf-7112-black-15-foot,Westpoint Deluxe Insect Killer WF-7112 Black 1.5-Foot,Title,Default Title,,,,,MRT-WB-WESTPOINT-225,,,Win Bachat,,0,0,0,6,0,6
westpoint-deluxe-insect-killer-wf-7115-2-foot,Westpoint Deluxe Insect Killer WF-7115 2-Foot,Title,Default Title,,,,,MRT-WB-WESTPOINT-226,,,Win Bachat,,0,0,0,6,0,6
westpoint-chopper-wf-1099,Westpoint Chopper WF-1099,Title,Default Title,,,,,MRT-WB-WESTPOINT-227,,,Win Bachat,,0,0,0,6,0,6
westpoint-professional-chopper-wf-1090,Westpoint Professional Chopper WF-1090,Title,Default Title,,,,,MRT-WB-WESTPOINT-228,,,Win Bachat,,0,0,0,6,0,6
westpoint-professional-chopper-wf-1098,Westpoint Professional Chopper WF-1098,Title,Default Title,,,,,MRT-WB-WESTPOINT-229,,,Win Bachat,,0,0,0,6,0,6
westpoint-professional-chopper-wf-1097,Westpoint Professional Chopper WF-1097,Title,Default Title,,,,,MRT-WB-WESTPOINT-230,,,Win Bachat,,0,0,0,6,0,6
westpoint-deluxe-meat-mincer-with-vegetable-cutter-wf-3050,Westpoint Deluxe Meat Mincer with Vegetable Cutter WF-3050,Title,Default Title,,,,,MRT-WB-WESTPOINT-231,,,Win Bachat,,0,0,0,6,0,6
westpoint-deluxe-meat-grinder-wf-1045,Westpoint Deluxe Meat Grinder WF-1045,Title,Default Title,,,,,MRT-WB-WESTPOINT-232,,,Win Bachat,,0,0,0,6,0,6
westpoint-deluxe-meat-grinder-wf-4250,Westpoint Deluxe Meat Grinder WF-4250,Title,Default Title,,,,,MRT-WB-WESTPOINT-233,,,Win Bachat,,0,0,0,6,0,6
westpoint-deluxe-rice-cooker-wf-5350,Westpoint Deluxe Rice Cooker WF-5350,Title,Default Title,,,,,MRT-WB-WESTPOINT-234,,,Win Bachat,,0,0,0,6,0,6
westpoint-deluxe-kitchen-robot-wf-496,Westpoint Deluxe Kitchen Robot WF-496,Title,Default Title,,,,,MRT-WB-WESTPOINT-235,,,Win Bachat,,0,0,0,6,0,6
westpoint-kitchen-robot-wf-497c,Westpoint Kitchen Robot WF-497C,Title,Default Title,,,,,MRT-WB-WESTPOINT-236,,,Win Bachat,,0,0,0,6,0,6
westpoint-kitchen-robot-wf-498,Westpoint Kitchen Robot WF-498,Title,Default Title,,,,,MRT-WB-WESTPOINT-237,,,Win Bachat,,0,0,0,6,0,6
westpoint-professional-kitchen-robot-wf-4981,Westpoint Professional Kitchen Robot WF-4981,Title,Default Title,,,,,MRT-WB-WESTPOINT-238,,,Win Bachat,,0,0,0,6,0,6
westpoint-deluxe-kitchen-chef-wf-441-white,Westpoint Deluxe Kitchen Chef WF-441 White,Title,Default Title,,,,,MRT-WB-WESTPOINT-239,,,Win Bachat,,0,0,0,6,0,6
westpoint-deluxe-kitchen-chef-wf-442-black,Westpoint Deluxe Kitchen Chef WF-442 Black,Title,Default Title,,,,,MRT-WB-WESTPOINT-240,,,Win Bachat,,0,0,0,6,0,6
westpoint-deluxe-kitchen-chef-wf-443-silver,Westpoint Deluxe Kitchen Chef WF-443 Silver,Title,Default Title,,,,,MRT-WB-WESTPOINT-241,,,Win Bachat,,0,0,0,6,0,6
westpoint-professional-kitchen-chef-wf-445,Westpoint Professional Kitchen Chef WF-445,Title,Default Title,,,,,MRT-WB-WESTPOINT-242,,,Win Bachat,,0,0,0,6,0,6
westpoint-deluxe-kitchen-chef-wf-393,Westpoint Deluxe Kitchen Chef WF-393,Title,Default Title,,,,,MRT-WB-WESTPOINT-243,,,Win Bachat,,0,0,0,6,0,6
westpoint-professional-kitchen-robot-wf-501,Westpoint Professional Kitchen Robot WF-501,Title,Default Title,,,,,MRT-WB-WESTPOINT-244,,,Win Bachat,,0,0,0,6,0,6
westpoint-deluxe-kitchen-robot-wf-502,Westpoint Deluxe Kitchen Robot WF-502,Title,Default Title,,,,,MRT-WB-WESTPOINT-245,,,Win Bachat,,0,0,0,6,0,6
westpoint-deluxe-kitchen-robot-wf-503,Westpoint Deluxe Kitchen Robot WF-503,Title,Default Title,,,,,MRT-WB-WESTPOINT-246,,,Win Bachat,,0,0,0,6,0,6
westpoint-deluxe-kitchen-robot-wf-504,Westpoint Deluxe Kitchen Robot WF-504,Title,Default Title,,,,,MRT-WB-WESTPOINT-247,,,Win Bachat,,0,0,0,6,0,6
westpoint-professional-kitchen-robot-wf-505,Westpoint Professional Kitchen Robot WF-505,Title,Default Title,,,,,MRT-WB-WESTPOINT-248,,,Win Bachat,,0,0,0,6,0,6
westpoint-deluxe-kitchen-robot-wf-506,Westpoint Deluxe Kitchen Robot WF-506,Title,Default Title,,,,,MRT-WB-WESTPOINT-249,,,Win Bachat,,0,0,0,6,0,6
westpoint-deluxe-kitchen-robot-vegetable-cutter-wf-495,Westpoint Deluxe Kitchen Robot & Vegetable Cutter WF-495,Title,Default Title,,,,,MRT-WB-WESTPOINT-250,,,Win Bachat,,0,0,0,6,0,6
westpoint-deluxe-wet-dry-drum-vacuum-cleaner-with-blower-wf-3669,Westpoint Deluxe Wet & Dry Drum Vacuum Cleaner with Blower WF-3669,Title,Default Title,,,,,MRT-WB-WESTPOINT-251,,,Win Bachat,,0,0,0,6,0,6
westpoint-deluxe-drum-vacuum-cleaner-with-blower-wf-104,Westpoint Deluxe Drum Vacuum Cleaner with Blower WF-104,Title,Default Title,,,,,MRT-WB-WESTPOINT-252,,,Win Bachat,,0,0,0,6,0,6
westpoint-vacuum-cleaner-wf-960,Westpoint Vacuum Cleaner WF-960,Title,Default Title,,,,,MRT-WB-WESTPOINT-253,,,Win Bachat,,0,0,0,6,0,6
westpoint-deluxe-drum-vacuum-cleaner-with-blower-wf-3569,Westpoint Deluxe Drum Vacuum Cleaner with Blower WF-3569,Title,Default Title,,,,,MRT-WB-WESTPOINT-254,,,Win Bachat,,0,0,0,6,0,6
westpoint-deluxe-magic-broom-handy-vacuum-wf-231,Westpoint Deluxe Magic Broom Handy Vacuum WF-231,Title,Default Title,,,,,MRT-WB-WESTPOINT-255,,,Win Bachat,,0,0,0,6,0,6
westpoint-deluxe-manual-microwave-oven-wf-825m,Westpoint Deluxe Manual Microwave Oven WF-825M,Title,Default Title,,,,,MRT-WB-WESTPOINT-256,,,Win Bachat,,0,0,0,6,0,6
westpoint-deluxe-digital-microwave-oven-with-grill-wf-830,Westpoint Deluxe Digital Microwave Oven with Grill WF-830,Title,Default Title,,,,,MRT-WB-WESTPOINT-257,,,Win Bachat,,0,0,0,6,0,6
westpoint-deluxe-microwave-oven-with-grill-wf-832,Westpoint Deluxe Microwave Oven with Grill WF-832,Title,Default Title,,,,,MRT-WB-WESTPOINT-258,,,Win Bachat,,0,0,0,6,0,6
westpoint-deluxe-microwave-oven-with-grill-wf-851,Westpoint Deluxe Microwave Oven with Grill WF-851,Title,Default Title,,,,,MRT-WB-WESTPOINT-259,,,Win Bachat,,0,0,0,6,0,6
westpoint-deluxe-microwave-oven-with-grill-wf-853,Westpoint Deluxe Microwave Oven with Grill WF-853,Title,Default Title,,,,,MRT-WB-WESTPOINT-260,,,Win Bachat,,0,0,0,6,0,6
westpoint-deluxe-digital-microwave-oven-with-grill-wf-841dg,Westpoint Deluxe Digital Microwave Oven with Grill WF-841DG,Title,Default Title,,,,,MRT-WB-WESTPOINT-261,,,Win Bachat,,0,0,0,6,0,6
westpoint-deluxe-fan-heater-wf-5147,Westpoint Deluxe Fan Heater WF-5147,Title,Default Title,,,,,MRT-WB-WESTPOINT-262,,,Win Bachat,,0,0,0,6,0,6
westpoint-deluxe-fan-heater-wf-4307,Westpoint Deluxe Fan Heater WF-4307,Title,Default Title,,,,,MRT-WB-WESTPOINT-263,,,Win Bachat,,0,0,0,6,0,6
westpoint-deluxe-tower-fan-heater-wf-6307,Westpoint Deluxe Tower Fan Heater WF-6307,Title,Default Title,,,,,MRT-WB-WESTPOINT-264,,,Win Bachat,,0,0,0,6,0,6
westpoint-deluxe-water-dispenser-wf-1401,Westpoint Deluxe Water Dispenser WF-1401,Title,Default Title,,,,,MRT-WB-WESTPOINT-265,,,Win Bachat,,0,0,0,6,0,6
westpoint-deluxe-ultra-quiet-tower-fan-wf-1546,Westpoint Deluxe Ultra Quiet Tower Fan WF-1546,Title,Default Title,,,,,MRT-WB-WESTPOINT-266,,,Win Bachat,,0,0,0,6,0,6
westpoint-deluxe-sun-heater-wf-5307,Westpoint Deluxe Sun Heater WF-5307,Title,Default Title,,,,,MRT-WB-WESTPOINT-267,,,Win Bachat,,0,0,0,6,0,6
westpoint-deluxe-2-slice-pop-up-toaster-wf-2542,Westpoint Deluxe 2-Slice Pop-Up Toaster WF-2542,Title,Default Title,,,,,MRT-WB-WESTPOINT-268,,,Win Bachat,,0,0,0,6,0,6
westpoint-professional-2-slice-pop-up-toaster-wf-2589,Westpoint Professional 2-Slice Pop-Up Toaster WF-2589,Title,Default Title,,,,,MRT-WB-WESTPOINT-269,,,Win Bachat,,0,0,0,6,0,6
westpoint-deluxe-2-slice-pop-up-toaster-wf-2532,Westpoint Deluxe 2-Slice Pop-Up Toaster WF-2532,Title,Default Title,,,,,MRT-WB-WESTPOINT-270,,,Win Bachat,,0,0,0,6,0,6
westpoint-deluxe-4-slice-steel-body-pop-up-toaster-wf-2564,Westpoint Deluxe 4-Slice Steel Body Pop-Up Toaster WF-2564,Title,Default Title,,,,,MRT-WB-WESTPOINT-271,,,Win Bachat,,0,0,0,6,0,6
westpoint-deluxe-4-slice-pop-up-toaster-wf-2528,Westpoint Deluxe 4-Slice Pop-Up Toaster WF-2528,Title,Default Title,,,,,MRT-WB-WESTPOINT-272,,,Win Bachat,,0,0,0,6,0,6
westpoint-deluxe-4-slice-pop-up-toaster-with-dual-control-wf-2563,Westpoint Deluxe 4-Slice Pop-Up Toaster with Dual Control WF-2563,Title,Default Title,,,,,MRT-WB-WESTPOINT-273,,,Win Bachat,,0,0,0,6,0,6
westpoint-deluxe-handy-quick-chopper-wf-04,Westpoint Deluxe Handy Quick Chopper WF-04,Title,Default Title,,,,,MRT-WB-WESTPOINT-274,,,Win Bachat,,0,0,0,6,0,6
westpoint-fries-cutter-wf-05,Westpoint Fries Cutter WF-05,Title,Default Title,,,,,MRT-WB-WESTPOINT-275,,,Win Bachat,,0,0,0,6,0,6
westpoint-kitchen-slicer-wf-07,Westpoint Kitchen Slicer WF-07,Title,Default Title,,,,,MRT-WB-WESTPOINT-276,,,Win Bachat,,0,0,0,6,0,6
westpoint-deluxe-quick-chopper-wf-10,Westpoint Deluxe Quick Chopper WF-10,Title,Default Title,,,,,MRT-WB-WESTPOINT-277,,,Win Bachat,,0,0,0,6,0,6
westpoint-electric-water-boiler-16-liter-wf-6316,Westpoint Electric Water Boiler 16 Liter WF-6316,Title,Default Title,,,,,MRT-WB-WESTPOINT-278,,,Win Bachat,,0,0,0,6,0,6
westpoint-electric-water-boiler-20-liter-wf-6320,Westpoint Electric Water Boiler 20 Liter WF-6320,Title,Default Title,,,,,MRT-WB-WESTPOINT-279,,,Win Bachat,,0,0,0,6,0,6
westpoint-electric-water-boiler-30-liter-wf-6330,Westpoint Electric Water Boiler 30 Liter WF-6330,Title,Default Title,,,,,MRT-WB-WESTPOINT-280,,,Win Bachat,,0,0,0,6,0,6
westpoint-deluxe-baby-bottle-warmer-wf-209,Westpoint Deluxe Baby Bottle Warmer WF-209,Title,Default Title,,,,,MRT-WB-WESTPOINT-281,,,Win Bachat,,0,0,0,6,0,6
westpoint-deluxe-dual-bottle-warmer-wf-210,Westpoint Deluxe Dual Bottle Warmer WF-210,Title,Default Title,,,,,MRT-WB-WESTPOINT-282,,,Win Bachat,,0,0,0,6,0,6
westland-epsom-salts-500g-magnesium-plant-supplement,Westland Epsom Salts 500g – Magnesium Plant Supplement,Title,Default Title,,,,,MRT-WB-MTSGARDNING-001,,,Win Bachat,,0,0,0,6,0,6
dap-fertilizer-1kg-high-phosphorus-plant-growth-booster,DAP Fertilizer 1KG – High Phosphorus Plant Growth Booster,Title,Default Title,,,,,MRT-WB-MTSGARDNING-002,,,Win Bachat,,0,0,0,6,0,6
nature-organic-neem-cake-1kg-organic-fertilizer-soil-conditioner,Nature Organic Neem Cake 1KG – Organic Fertilizer & Soil Conditioner,Title,Default Title,,,,,MRT-WB-MTSGARDNING-003,,,Win Bachat,,0,0,0,6,0,6
vermicompost-1kg-organic-natural-plant-fertilizer,Vermicompost 1KG – Organic Natural Plant Fertilizer,Title,Default Title,,,,,MRT-WB-MTSGARDNING-004,,,Win Bachat,,0,0,0,6,0,6
westland-growmore-npk-20-20-20-garden-fertiliser-500g,Westland Growmore NPK 20-20-20 Garden Fertiliser 500g,Title,Default Title,,,,,MRT-WB-MTSGARDNING-005,,,Win Bachat,,0,0,0,6,0,6
bone-meal-fertilizer-1kg-organic-phosphorus-rich-plant-food,Bone Meal Fertilizer 1KG – Organic Phosphorus-Rich Plant Food,Title,Default Title,,,,,MRT-WB-MTSGARDNING-006,,,Win Bachat,,0,0,0,6,0,6
seaweed-organic-granular-fertilizer-500g-plant-growth-booster,Seaweed Organic Granular Fertilizer 500g – Plant Growth Booster,Title,Default Title,,,,,MRT-WB-MTSGARDNING-007,,,Win Bachat,,0,0,0,6,0,6
grow-more-npk-20-20-20-te-water-soluble-fertilizer-500g,Grow More NPK 20-20-20 + TE Water-Soluble Fertilizer 500g,Title,Default Title,,,,,MRT-WB-MTSGARDNING-008,,,Win Bachat,,0,0,0,6,0,6
westland-npk-5-15-45-water-soluble-fertilizer-500g,Westland NPK 5-15-45 Water-Soluble Fertilizer 500g,Title,Default Title,,,,,MRT-WB-MTSGARDNING-009,,,Win Bachat,,0,0,0,6,0,6
westland-gro-sure-perlite-100g-soil-conditioner,Westland Gro-Sure Perlite 100g – Soil Conditioner,Title,Default Title,,,,,MRT-WB-MTSGARDNING-010,,,Win Bachat,,0,0,0,6,0,6
grow-more-npk-20-20-20-water-soluble-fertilizer-500g,Grow More NPK 20-20-20 Water-Soluble Fertilizer 500g,Title,Default Title,,,,,MRT-WB-MTSGARDNING-011,,,Win Bachat,,0,0,0,6,0,6
mkp-0-52-34-fertilizer-200g-high-phosphorus-potassium-plant-nutrition,MKP 0-52-34 Fertilizer 200g – High Phosphorus & Potassium Plant Nutrition,Title,Default Title,,,,,MRT-WB-MTSGARDNING-012,,,Win Bachat,,0,0,0,6,0,6
slug-snail-bait-400g-fast-effective-garden-pest-control,Slug & Snail Bait 400g – Fast & Effective Garden Pest Control,Title,Default Title,,,,,MRT-WB-MTSGARDNING-013,,,Win Bachat,,0,0,0,6,0,6
lawn-feed-snail-slug-insect-control-500g,"Lawn Feed, Snail, Slug & Insect Control 500g",Title,Default Title,,,,,MRT-WB-MTSGARDNING-014,,,Win Bachat,,0,0,0,6,0,6
nitropotash-npk-13-0-44-fertilizer-500g-high-potassium-plant-nutrient,NitroPotash NPK 13-0-44 Fertilizer 500g – High Potassium Plant Nutrient,Title,Default Title,,,,,MRT-WB-MTSGARDNING-015,,,Win Bachat,,0,0,0,6,0,6
water-soluble-neem-oil-for-plants-100ml,Water Soluble Neem Oil for Plants 100ml,Title,Default Title,,,,,MRT-WB-MTSGARDNING-016,,,Win Bachat,,0,0,0,6,0,6
water-soluble-neem-oil-for-plants-500ml,Water Soluble Neem Oil for Plants 500ml,Title,Default Title,,,,,MRT-WB-MTSGARDNING-017,,,Win Bachat,,0,0,0,6,0,6
fish-meal-fertilizer-500g-natural-organic-plant-food,Fish Meal Fertilizer 500g – Natural Organic Plant Food,Title,Default Title,,,,,MRT-WB-MTSGARDNING-018,,,Win Bachat,,0,0,0,6,0,6
mustard-cake-fertilizer-1kg-natural-organic-plant-nutrient,Mustard Cake Fertilizer 1kg – Natural Organic Plant Nutrient,Title,Default Title,,,,,MRT-WB-MTSGARDNING-019,,,Win Bachat,,0,0,0,6,0,6
fish-blood-bone-fertilizer-1kg-natural-garden-plant-food,"Fish, Blood & Bone Fertilizer 1kg – Natural Garden Plant Food",Title,Default Title,,,,,MRT-WB-MTSGARDNING-020,,,Win Bachat,,0,0,0,6,0,6
plant-safe-care-plus-100ml-all-in-one-plant-care-solution,Plant Safe & Care Plus 100ml – All-in-One Plant Care Solution,Title,Default Title,,,,,MRT-WB-MTSGARDNING-021,,,Win Bachat,,0,0,0,6,0,6
plant-safe-care-plus-250ml-all-in-one-plant-care-solution,Plant Safe & Care Plus 250ml – All-in-One Plant Care Solution,Title,Default Title,,,,,MRT-WB-MTSGARDNING-022,,,Win Bachat,,0,0,0,6,0,6
plant-safe-care-plus-500ml-all-in-one-plant-care-solution,Plant Safe & Care Plus 500ml – All-in-One Plant Care Solution,Title,Default Title,,,,,MRT-WB-MTSGARDNING-023,,,Win Bachat,,0,0,0,6,0,6
plant-safe-care-plus-1000ml-all-in-one-plant-care-solution,Plant Safe & Care Plus 1000ml – All-in-One Plant Care Solution,Title,Default Title,,,,,MRT-WB-MTSGARDNING-024,,,Win Bachat,,0,0,0,6,0,6
gardentech-insect-killer-fertilizer-lawn-granules-2-lb,GardenTech Insect Killer + Fertilizer Lawn Granules 2 LB,Title,Default Title,,,,,MRT-WB-MTSGARDNING-025,,,Win Bachat,,0,0,0,6,0,6
solu-map-fertilizer-500g-mono-ammonium-phosphate-12-61-0,Solu-MAP Fertilizer 500g – Mono Ammonium Phosphate 12-61-0,Title,Default Title,,,,,MRT-WB-MTSGARDNING-026,,,Win Bachat,,0,0,0,6,0,6
gypsum-fertilizer-500g-calcium-sulphur-soil-conditioner,Gypsum Fertilizer 500g – Calcium & Sulphur Soil Conditioner,Title,Default Title,,,,,MRT-WB-MTSGARDNING-027,,,Win Bachat,,0,0,0,6,0,6
agronio-mycrop-coconut-fertilizer-1kg-multi-micronutrient-formula,Agronio Mycrop Coconut Fertilizer 1kg – Multi-Micronutrient Formula,Title,Default Title,,,,,MRT-WB-MTSGARDNING-028,,,Win Bachat,,0,0,0,6,0,6
wokozim-crop-plus-seaweed-extract-100ml-natural-plant-growth-support,Wokozim Crop Plus Seaweed Extract 100ml – Natural Plant Growth Support,Title,Default Title,,,,,MRT-WB-MTSGARDNING-029,,,Win Bachat,,0,0,0,6,0,6
glyphosate-weed-grass-killer-100ml-garden-weed-control,Glyphosate Weed & Grass Killer 100ml – Garden Weed Control,Title,Default Title,,,,,MRT-WB-MTSGARDNING-030,,,Win Bachat,,0,0,0,6,0,6
usa-lawn-care-insect-killer-500ml-lawn-garden-pest-control,USA Lawn Care Insect Killer 500ml – Lawn & Garden Pest Control,Title,Default Title,,,,,MRT-WB-MTSGARDNING-031,,,Win Bachat,,0,0,0,6,0,6
usa-lawn-care-insect-killer-1000ml-lawn-garden-pest-control,USA Lawn Care Insect Killer 1000ml – Lawn & Garden Pest Control,Title,Default Title,,,,,MRT-WB-MTSGARDNING-032,,,Win Bachat,,0,0,0,6,0,6
bromoxynil-mcpa-herbicide-100ml-broadleaf-weed-control,Bromoxynil + MCPA Herbicide 100ml – Broadleaf Weed Control,Title,Default Title,,,,,MRT-WB-MTSGARDNING-033,,,Win Bachat,,0,0,0,6,0,6
sulphate-of-potash-sop-0-0-50-18s-500g-flower-fruit-enhancer,Sulphate of Potash SOP 0-0-50 + 18S 500g – Flower & Fruit Enhancer,Title,Default Title,,,,,MRT-WB-MTSGARDNING-034,,,Win Bachat,,0,0,0,6,0,6
gardening-tools-set-pack-of-3-hand-trowel-fork-rake,"Gardening Tools Set – Pack of 3 Hand Trowel, Fork & Rake",Title,Default Title,,,,,MRT-WB-MTSGARDNING-035,,,Win Bachat,,0,0,0,6,0,6
garden-twist-tie-roll-plant-support-wire,Garden Twist Tie Roll – Plant Support Wire,Title,Default Title,,,,,MRT-WB-MTSGARDNING-036,,,Win Bachat,,0,0,0,6,0,6
carbon-steel-heavy-duty-hand-shovel-garden-digging-tool,Carbon Steel Heavy Duty Hand Shovel – Garden Digging Tool,Title,Default Title,,,,,MRT-WB-MTSGARDNING-037,,,Win Bachat,,0,0,0,6,0,6
grafting-tape-roll-plant-grafting-budding-tape,Grafting Tape Roll – Plant Grafting & Budding Tape,Title,Default Title,,,,,MRT-WB-MTSGARDNING-038,,,Win Bachat,,0,0,0,6,0,6
gardening-rubber-gloves-durable-protective-hand-gloves,Gardening Rubber Gloves – Durable Protective Hand Gloves,Title,Default Title,,,,,MRT-WB-MTSGARDNING-039,,,Win Bachat,,0,0,0,6,0,6
nktop-garden-scissors-8-inch-200mm-heavy-duty-pruning-shears,NKTOP Garden Scissors 8 Inch (200mm) – Heavy Duty Pruning Shears,Title,Default Title,,,,,MRT-WB-MTSGARDNING-040,,,Win Bachat,,0,0,0,6,0,6
2-in-1-garden-hoe-cultivator-tool-dual-purpose-gardening-tool,2-in-1 Garden Hoe & Cultivator Tool – Dual Purpose Gardening Tool,Title,Default Title,,,,,MRT-WB-MTSGARDNING-041,,,Win Bachat,,0,0,0,6,0,6
plant-label-tags-pack-of-20-garden-plant-markers,Plant Label Tags – Pack of 20 Garden Plant Markers,Title,Default Title,,,,,MRT-WB-MTSGARDNING-042,,,Win Bachat,,0,0,0,6,0,6
coco-peat-1kg-natural-soil-conditioner-for-healthy-plant-growth,Coco Peat 1kg – Natural Soil Conditioner for Healthy Plant Growth,Title,Default Title,,,,,MRT-WB-MTSGARDNING-043,,,Win Bachat,,0,0,0,6,0,6
gro-sure-perlite-100g-lightweight-soil-conditioner-for-better-drainage,Gro-Sure Perlite 100g – Lightweight Soil Conditioner for Better Drainage,Title,Default Title,,,,,MRT-WB-MTSGARDNING-044,,,Win Bachat,,0,0,0,6,0,6
indoor-potting-mix-1kg-premium-blend-for-healthy-indoor-plants,Indoor Potting Mix 1kg – Premium Blend for Healthy Indoor Plants,Title,Default Title,,,,,MRT-WB-MTSGARDNING-045,,,Win Bachat,,0,0,0,6,0,6
neem-cake-1kg-organic-fertilizer-soil-conditioner,Neem Cake 1kg – Organic Fertilizer & Soil Conditioner,Title,Default Title,,,,,MRT-WB-MTSGARDNING-046,,,Win Bachat,,0,0,0,6,0,6
slug-snail-bait-400g-garden-pest-control,Slug & Snail Bait 400g – Garden Pest Control,Title,Default Title,,,,,MRT-WB-MTSGARDNING-047,,,Win Bachat,,0,0,0,6,0,6
lawn-feed-snail-slug-insect-control-500g-plants-insecticidefungicide,"Lawn Feed, Snail, Slug & Insect Control 500g",Title,Default Title,,,,,MRT-WB-MTSGARDNING-048,,,Win Bachat,,0,0,0,6,0,6
water-soluble-neem-oil-for-plants-100ml-plant-pest-care,Water Soluble Neem Oil for Plants 100ml – Plant Pest Care,Title,Default Title,,,,,MRT-WB-MTSGARDNING-049,,,Win Bachat,,0,0,0,6,0,6
plant-safe-care-plus-100ml-all-in-one-plant-care-solution-plants-insecticidefungicide,Plant Safe & Care Plus 100ml – All-in-One Plant Care Solution,Title,Default Title,,,,,MRT-WB-MTSGARDNING-050,,,Win Bachat,,0,0,0,6,0,6
plant-safe-care-plus-250ml-all-in-one-plant-care-solution-plants-insecticidefungicide,Plant Safe & Care Plus 250ml – All-in-One Plant Care Solution,Title,Default Title,,,,,MRT-WB-MTSGARDNING-051,,,Win Bachat,,0,0,0,6,0,6
plant-safe-care-plus-500ml-all-in-one-plant-care-solution-plants-insecticidefungicide,Plant Safe & Care Plus 500ml – All-in-One Plant Care Solution,Title,Default Title,,,,,MRT-WB-MTSGARDNING-052,,,Win Bachat,,0,0,0,6,0,6
plant-safe-care-plus-1000ml-all-in-one-plant-care-solution-plants-insecticidefungicide,Plant Safe & Care Plus 1000ml – All-in-One Plant Care Solution,Title,Default Title,,,,,MRT-WB-MTSGARDNING-053,,,Win Bachat,,0,0,0,6,0,6
gardentech-insect-killer-fertilizer-lawn-granules-2-lb-plants-insecticidefungicide,GardenTech Insect Killer + Fertilizer Lawn Granules 2 LB,Title,Default Title,,,,,MRT-WB-MTSGARDNING-054,,,Win Bachat,,0,0,0,6,0,6
tenekil-plus-total-termite-control-1-liter-termite-treatment-solution,Tenekil Plus Total Termite Control 1 Liter – Termite Treatment Solution,Title,Default Title,,,,,MRT-WB-MTSGARDNING-055,,,Win Bachat,,0,0,0,6,0,6
wokozim-crop-plus-seaweed-extract-100ml-natural-plant-growth-support-plants-insecticidefungicide,Wokozim Crop Plus Seaweed Extract 100ml – Natural Plant Growth Support,Title,Default Title,,,,,MRT-WB-MTSGARDNING-056,,,Win Bachat,,0,0,0,6,0,6
glyphosate-weed-grass-killer-100ml-garden-weed-control-plants-insecticidefungicide,Glyphosate Weed & Grass Killer 100ml – Garden Weed Control,Title,Default Title,,,,,MRT-WB-MTSGARDNING-057,,,Win Bachat,,0,0,0,6,0,6
usa-lawn-care-insect-killer-500ml-lawn-garden-pest-control-plants-insecticidefungicide,USA Lawn Care Insect Killer 500ml – Lawn & Garden Pest Control,Title,Default Title,,,,,MRT-WB-MTSGARDNING-058,,,Win Bachat,,0,0,0,6,0,6
usa-lawn-care-insect-killer-1000ml-lawn-garden-pest-control-plants-insecticidefungicide,USA Lawn Care Insect Killer 1000ml – Lawn & Garden Pest Control,Title,Default Title,,,,,MRT-WB-MTSGARDNING-059,,,Win Bachat,,0,0,0,6,0,6
bromoxynil-mcpa-herbicide-100ml-broadleaf-weed-control,Bromoxynil MCPA Herbicide 100ml – Broadleaf Weed Control,Title,Default Title,,,,,MRT-WB-MTSGARDNING-060,,,Win Bachat,,0,0,0,6,0,6
usa-lawn-care-insect-killer-250g-lawn-garden-pest-control-granules,USA Lawn Care Insect Killer 250g – Lawn & Garden Pest Control Granules,Title,Default Title,,,,,MRT-WB-MTSGARDNING-061,,,Win Bachat,,0,0,0,6,0,6
2-in-1-garden-watering-can-with-spray-nozzle-multi-function-plant-waterer,2-in-1 Garden Watering Can with Spray Nozzle – Multi-Function Plant Waterer,Title,Default Title,,,,,MRT-WB-MTSGARDNING-062,,,Win Bachat,,0,0,0,6,0,6
2l-hand-pump-pressure-sprayer-garden-household-use,2L Hand Pump Pressure Sprayer – Garden & Household Use,Title,Default Title,,,,,MRT-WB-MTSGARDNING-063,,,Win Bachat,,0,0,0,6,0,6
2l-handheld-pressure-sprayer-garden-cleaning-use,2L Handheld Pressure Sprayer – Garden & Cleaning Use,Title,Default Title,,,,,MRT-WB-MTSGARDNING-064,,,Win Bachat,,0,0,0,6,0,6
16-inch-manual-lawn-mower-hand-push-grass-cutter,16-Inch Manual Lawn Mower – Hand Push Grass Cutter,Title,Default Title,,,,,MRT-WB-MTSGARDNING-065,,,Win Bachat,,0,0,0,6,0,6
seedling-tray-32-holes-pack-of-3-reusable-seed-starting-trays,Seedling Tray 32 Holes Pack of 3 – Reusable Seed Starting Trays,Title,Default Title,,,,,MRT-WB-MTSGARDNING-066,,,Win Bachat,,0,0,0,6,0,6
bottom-seedling-tray-pack-of-1-leak-proof-nursery-base-tray,Bottom Seedling Tray – Pack of 1 Leak-Proof Nursery Base Tray,Title,Default Title,,,,,MRT-WB-MTSGARDNING-067,,,Win Bachat,,0,0,0,6,0,6
seedling-tray-50-holes-pack-of-3-reusable-nursery-trays,Seedling Tray 50 Holes – Pack of 3 Reusable Nursery Trays,Title,Default Title,,,,,MRT-WB-MTSGARDNING-068,,,Win Bachat,,0,0,0,6,0,6
colorful-hanging-flower-pots-pack-of-10-plastic-hanging-planters,Colorful Hanging Flower Pots – Pack of 10 Plastic Hanging Planters,Title,Default Title,,,,,MRT-WB-MTSGARDNING-069,,,Win Bachat,,0,0,0,6,0,6
hanging-coco-basket-planter-with-chain-8-10-12-14-inch-sizes,"Hanging Coco Basket Planter with Chain – 8, 10, 12 & 14 Inch Sizes",Title,Default Title,,,,,MRT-WB-MTSGARDNING-070,,,Win Bachat,,0,0,0,6,0,6
5-inch-plastic-plant-pots-packs-of-3-5-10,"5-Inch Plastic Plant Pots – Packs of 3, 5 & 10",Title,Default Title,,,,,MRT-WB-MTSGARDNING-071,,,Win Bachat,,0,0,0,6,0,6
plastic-paper-pots-seed-starter-nursery-plant-pots,Plastic Paper Pots – Seed Starter & Nursery Plant Pots,Title,Default Title,,,,,MRT-WB-MTSGARDNING-072,,,Win Bachat,,0,0,0,6,0,6
artificial-red-rose-arrangement-with-decorative-fiber-plastic-pot,Artificial Red Rose Arrangement with Decorative Fiber Plastic Pot,Title,Default Title,,,,,MRT-WB-MTSGARDNING-073,,,Win Bachat,,0,0,0,6,0,6
artificial-green-leaf-plant-with-decorative-fiber-plastic-pot,Artificial Green Leaf Plant with Decorative Fiber Plastic Pot,Title,Default Title,,,,,MRT-WB-MTSGARDNING-074,,,Win Bachat,,0,0,0,6,0,6
artificial-yellow-flower-arrangement-with-decorative-fiber-plastic-pot,Artificial Yellow Flower Arrangement with Decorative Fiber Plastic Pot,Title,Default Title,,,,,MRT-WB-MTSGARDNING-075,,,Win Bachat,,0,0,0,6,0,6
artificial-pink-flower-plant-with-decorative-fiber-plastic-pot,Artificial Pink Flower Plant with Decorative Fiber Plastic Pot,Title,Default Title,,,,,MRT-WB-MTSGARDNING-076,,,Win Bachat,,0,0,0,6,0,6
colorful-seedling-tray-pack-of-1-8-colors-available,"Colorful Seedling Tray – Pack of 1, 8 Colors Available",Title,Default Title,,,,,MRT-WB-MTSGARDNING-077,,,Win Bachat,,0,0,0,6,0,6
yellow-artificial-flower-pot-with-decorative-fiber-plastic-pot,Yellow Artificial Flower Pot with Decorative Fiber Plastic Pot,Title,Default Title,,,,,MRT-WB-MTSGARDNING-078,,,Win Bachat,,0,0,0,6,0,6
self-watering-plant-pot-with-built-in-water-reservoir-pot-only,Self Watering Plant Pot with Built-In Water Reservoir – Pot Only,Title,Default Title,,,,,MRT-WB-MTSGARDNING-079,,,Win Bachat,,0,0,0,6,0,6
round-self-watering-plant-pot-with-water-reservoir-pot-only,Round Self Watering Plant Pot with Water Reservoir – Pot Only,Title,Default Title,,,,,MRT-WB-MTSGARDNING-080,,,Win Bachat,,0,0,0,6,0,6
warrior-cockroach-killer-gel-50g-roach-control-gel,Warrior Cockroach Killer Gel 50g – Roach Control Gel,Title,Default Title,,,,,MRT-WB-MTSGARDNING-081,,,Win Bachat,,0,0,0,6,0,6
ssv-powder-household-crawling-insect-control-powder,SSV Powder – Household Crawling Insect Control Powder,Title,Default Title,,,,,MRT-WB-MTSGARDNING-082,,,Win Bachat,,0,0,0,6,0,6
ssv-powder-100g-cockroach-crawling-insect-killer-dust,SSV Powder 100g – Cockroach & Crawling Insect Killer Dust,Title,Default Title,,,,,MRT-WB-MTSGARDNING-083,,,Win Bachat,,0,0,0,6,0,6
eagle-dusting-powder-cockroach-crawling-insect-control,Eagle Dusting Powder – Cockroach & Crawling Insect Control,Title,Default Title,,,,,MRT-WB-MTSGARDNING-084,,,Win Bachat,,0,0,0,6,0,6
one-shot-ddvp-ec-60-insect-control-solution-100ml,One Shot DDVP EC 60 Insect Control Solution 100ml,Title,Default Title,,,,,MRT-WB-MTSGARDNING-085,,,Win Bachat,,0,0,0,6,0,6
one-shot-ddvp-ec-60-insect-control-solution-250ml,One Shot DDVP EC 60 Insect Control Solution 250ml,Title,Default Title,,,,,MRT-WB-MTSGARDNING-086,,,Win Bachat,,0,0,0,6,0,6
one-shot-ddvp-ec-60-insect-control-solution-500ml,One Shot DDVP EC 60 Insect Control Solution 500ml,Title,Default Title,,,,,MRT-WB-MTSGARDNING-087,,,Win Bachat,,0,0,0,6,0,6
one-shot-ddvp-ec-60-insect-control-solution-1000ml,One Shot DDVP EC 60 Insect Control Solution 1000ml,Title,Default Title,,,,,MRT-WB-MTSGARDNING-088,,,Win Bachat,,0,0,0,6,0,6
zero-in-turbo-stream-permethrin-25-ec-pest-control-100ml,Zero In Turbo Stream Permethrin 2.5 EC Pest Control 100ml,Title,Default Title,,,,,MRT-WB-MTSGARDNING-089,,,Win Bachat,,0,0,0,6,0,6
zero-in-turbo-stream-permethrin-25-ec-pest-control-250ml,Zero In Turbo Stream Permethrin 2.5 EC Pest Control 250ml,Title,Default Title,,,,,MRT-WB-MTSGARDNING-090,,,Win Bachat,,0,0,0,6,0,6
zero-in-turbo-stream-pest-control-500ml-permethrin-25-ec,Zero In Turbo Stream Pest Control 500ml – Permethrin 2.5 EC,Title,Default Title,,,,,MRT-WB-MTSGARDNING-091,,,Win Bachat,,0,0,0,6,0,6
zero-in-turbo-stream-pest-control-1000ml-permethrin-25-ec,Zero In Turbo Stream Pest Control 1000ml – Permethrin 2.5 EC,Title,Default Title,,,,,MRT-WB-MTSGARDNING-092,,,Win Bachat,,0,0,0,6,0,6
dark-knight-cockroach-killer-100ml-v-p-80-ec-pest-control,Dark Knight Cockroach Killer 100ml – V-P 80% EC Pest Control,Title,Default Title,,,,,MRT-WB-MTSGARDNING-093,,,Win Bachat,,0,0,0,6,0,6
dark-knight-cockroach-killer-250ml-v-p-80-ec-pest-control,Dark Knight Cockroach Killer 250ml – V-P 80% EC Pest Control,Title,Default Title,,,,,MRT-WB-MTSGARDNING-094,,,Win Bachat,,0,0,0,6,0,6
dark-knight-cockroach-killer-500ml-v-p-80-ec-pest-control,Dark Knight Cockroach Killer 500ml – V-P 80% EC Pest Control,Title,Default Title,,,,,MRT-WB-MTSGARDNING-095,,,Win Bachat,,0,0,0,6,0,6
dark-knight-cockroach-killer-1000ml-v-p-80-ec-pest-control,Dark Knight Cockroach Killer 1000ml – V-P 80% EC Pest Control,Title,Default Title,,,,,MRT-WB-MTSGARDNING-096,,,Win Bachat,,0,0,0,6,0,6
tenekil-plus-total-termite-control-1-liter,Tenekil Plus Total Termite Control 1 Liter,Title,Default Title,,,,,MRT-WB-MTSGARDNING-097,,,Win Bachat,,0,0,0,6,0,6
gend-a-ec-35-termite-control-1-liter,Gend-A EC 35 Termite Control 1 Liter,Title,Default Title,,,,,MRT-WB-MTSGARDNING-098,,,Win Bachat,,0,0,0,6,0,6
termite-powder-100g-water-soluble-termite-control-solution,Termite Powder 100g – Water-Soluble Termite Control Solution,Title,Default Title,,,,,MRT-WB-MTSGARDNING-099,,,Win Bachat,,0,0,0,6,0,6
knock-down-bed-bug-flea-killer-100ml-fenthion-35-ec,Knock Down Bed Bug & Flea Killer 100ml – Fenthion 35% EC,Title,Default Title,,,,,MRT-WB-MTSGARDNING-100,,,Win Bachat,,0,0,0,6,0,6
knock-down-bed-bug-flea-killer-250ml-fenthion-35-ec,Knock Down Bed Bug & Flea Killer 250ml – Fenthion 35% EC,Title,Default Title,,,,,MRT-WB-MTSGARDNING-101,,,Win Bachat,,0,0,0,6,0,6
knock-down-bed-bug-flea-killer-500ml-fenthion-35-ec,Knock Down Bed Bug & Flea Killer 500ml – Fenthion 35% EC,Title,Default Title,,,,,MRT-WB-MTSGARDNING-102,,,Win Bachat,,0,0,0,6,0,6
knock-down-bed-bug-flea-killer-1000ml-fenthion-35-ec,Knock Down Bed Bug & Flea Killer 1000ml – Fenthion 35% EC,Title,Default Title,,,,,MRT-WB-MTSGARDNING-103,,,Win Bachat,,0,0,0,6,0,6
dark-knight-bed-bug-killer-powder-100g,Dark Knight Bed Bug Killer Powder 100g,Title,Default Title,,,,,MRT-WB-MTSGARDNING-104,,,Win Bachat,,0,0,0,6,0,6
rat-out-brodifacoum-005-pellet-rodenticide-rat-mouse-killer,Rat Out Brodifacoum 0.05% Pellet Rodenticide – Rat & Mouse Killer,Title,Default Title,,,,,MRT-WB-MTSGARDNING-105,,,Win Bachat,,0,0,0,6,0,6
musal-rat-killer-bromadiolone-rodent-poison,Musal Rat Killer – Bromadiolone Rodent Poison,Title,Default Title,,,,,MRT-WB-MTSGARDNING-106,,,Win Bachat,,0,0,0,6,0,6
zinc-phosphide-rat-control-powder-100g,Zinc Phosphide Rat Control Powder 100g,Title,Default Title,,,,,MRT-WB-MTSGARDNING-107,,,Win Bachat,,0,0,0,6,0,6
pasban-mouse-rat-glue-board-pack-of-3,Pasban Mouse & Rat Glue Board – Pack of 3,Title,Default Title,,,,,MRT-WB-MTSGARDNING-108,,,Win Bachat,,0,0,0,6,0,6
pasban-mouse-rat-glue-board-pack-of-5,Pasban Mouse & Rat Glue Board – Pack of 5,Title,Default Title,,,,,MRT-WB-MTSGARDNING-109,,,Win Bachat,,0,0,0,6,0,6
stop-non-poisonous-mouse-rat-glue-135g,STOP Non-Poisonous Mouse & Rat Glue 135g,Title,Default Title,,,,,MRT-WB-MTSGARDNING-110,,,Win Bachat,,0,0,0,6,0,6
catchmaster-max-catch-mouse-insect-glue-trap-pack-of-1,Catchmaster Max-Catch Mouse & Insect Glue Trap – Pack of 1,Title,Default Title,,,,,MRT-WB-MTSGARDNING-111,,,Win Bachat,,0,0,0,6,0,6
baitbite-rat-wheat-bait-500g-rodent-control-bait,BAITBITE Rat Wheat Bait 500g – Rodent Control Bait,Title,Default Title,,,,,MRT-WB-MTSGARDNING-112,,,Win Bachat,,0,0,0,6,0,6
knock-down-bed-bug-flea-killer-100ml-fenthion-35-ec-general-insects,Knock Down Bed Bug & Flea Killer 100ml – Fenthion 35% EC,Title,Default Title,,,,,MRT-WB-MTSGARDNING-113,,,Win Bachat,,0,0,0,6,0,6
knock-down-bed-bug-flea-killer-250ml-fenthion-35-ec-general-insects,Knock Down Bed Bug & Flea Killer 250ml – Fenthion 35% EC,Title,Default Title,,,,,MRT-WB-MTSGARDNING-114,,,Win Bachat,,0,0,0,6,0,6
knock-down-bed-bug-flea-killer-500ml-fenthion-35-ec-general-insects,Knock Down Bed Bug & Flea Killer 500ml – Fenthion 35% EC,Title,Default Title,,,,,MRT-WB-MTSGARDNING-115,,,Win Bachat,,0,0,0,6,0,6
knock-down-bed-bug-flea-killer-1000ml-fenthion-35-ec-general-insects,Knock Down Bed Bug & Flea Killer 1000ml – Fenthion 35% EC,Title,Default Title,,,,,MRT-WB-MTSGARDNING-116,,,Win Bachat,,0,0,0,6,0,6
malathion-insect-killer-100ml-garden-household-pest-control,Malathion Insect Killer 100ml – Garden & Household Pest Control,Title,Default Title,,,,,MRT-WB-MTSGARDNING-117,,,Win Bachat,,0,0,0,6,0,6
malathion-insect-killer-250ml-garden-household-pest-control,Malathion Insect Killer 250ml – Garden & Household Pest Control,Title,Default Title,,,,,MRT-WB-MTSGARDNING-118,,,Win Bachat,,0,0,0,6,0,6
malathion-insect-killer-500ml-household-garden-insect-control,Malathion Insect Killer 500ml – Household & Garden Insect Control,Title,Default Title,,,,,MRT-WB-MTSGARDNING-119,,,Win Bachat,,0,0,0,6,0,6
malathion-insect-killer-1000ml-garden-household-pest-control,Malathion Insect Killer 1000ml – Garden & Household Pest Control,Title,Default Title,,,,,MRT-WB-MTSGARDNING-120,,,Win Bachat,,0,0,0,6,0,6
one-shot-ddvp-ec-60-insect-control-solution-100ml-general-insects,One Shot DDVP EC 60 Insect Control Solution 100ml,Title,Default Title,,,,,MRT-WB-MTSGARDNING-121,,,Win Bachat,,0,0,0,6,0,6
one-shot-ddvp-ec-60-insect-control-solution-250ml-general-insects,One Shot DDVP EC 60 Insect Control Solution 250ml,Title,Default Title,,,,,MRT-WB-MTSGARDNING-122,,,Win Bachat,,0,0,0,6,0,6
one-shot-ddvp-ec-60-insect-control-solution-500ml-general-insects,One Shot DDVP EC 60 Insect Control Solution 500ml,Title,Default Title,,,,,MRT-WB-MTSGARDNING-123,,,Win Bachat,,0,0,0,6,0,6
one-shot-ddvp-ec-60-insect-control-solution-1000ml-general-insects,One Shot DDVP EC 60 Insect Control Solution 1000ml,Title,Default Title,,,,,MRT-WB-MTSGARDNING-124,,,Win Bachat,,0,0,0,6,0,6
zero-in-turbo-stream-permethrin-25-ec-pest-control-100ml-general-insects,Zero In Turbo Stream Permethrin 2.5 EC Pest Control 100ml,Title,Default Title,,,,,MRT-WB-MTSGARDNING-125,,,Win Bachat,,0,0,0,6,0,6
zero-in-turbo-stream-permethrin-25-ec-pest-control-250ml-general-insects,Zero In Turbo Stream Permethrin 2.5 EC Pest Control 250ml,Title,Default Title,,,,,MRT-WB-MTSGARDNING-126,,,Win Bachat,,0,0,0,6,0,6
zero-in-turbo-stream-pest-control-500ml-permethrin-25-ec-general-insects,Zero In Turbo Stream Pest Control 500ml – Permethrin 2.5 EC,Title,Default Title,,,,,MRT-WB-MTSGARDNING-127,,,Win Bachat,,0,0,0,6,0,6
zero-in-turbo-stream-pest-control-1000ml-permethrin-25-ec-general-insects,Zero In Turbo Stream Pest Control 1000ml – Permethrin 2.5 EC,Title,Default Title,,,,,MRT-WB-MTSGARDNING-128,,,Win Bachat,,0,0,0,6,0,6
dark-knight-cockroach-killer-100ml-v-p-80-ec-pest-control-general-insects,Dark Knight Cockroach Killer 100ml – V-P 80% EC Pest Control,Title,Default Title,,,,,MRT-WB-MTSGARDNING-129,,,Win Bachat,,0,0,0,6,0,6
dark-knight-cockroach-killer-250ml-v-p-80-ec-pest-control-general-insects,Dark Knight Cockroach Killer 250ml – V-P 80% EC Pest Control,Title,Default Title,,,,,MRT-WB-MTSGARDNING-130,,,Win Bachat,,0,0,0,6,0,6
dark-knight-cockroach-killer-500ml-v-p-80-ec-pest-control-general-insects,Dark Knight Cockroach Killer 500ml – V-P 80% EC Pest Control,Title,Default Title,,,,,MRT-WB-MTSGARDNING-131,,,Win Bachat,,0,0,0,6,0,6
dark-knight-cockroach-killer-1000ml-v-p-80-ec-pest-control-general-insects,Dark Knight Cockroach Killer 1000ml – V-P 80% EC Pest Control,Title,Default Title,,,,,MRT-WB-MTSGARDNING-132,,,Win Bachat,,0,0,0,6,0,6
pack-of-10-random-summer-flower-seeds-with-1kg-coco-peat-gardening-combo-offer,Pack of 10 Random Summer Flower Seeds with 1KG Coco Peat – Gardening Combo Offer,Title,Default Title,,,,,MRT-WB-MTSGARDNING-133,,,Win Bachat,,0,0,0,6,0,6
ipomoea-seeds-pack-of-3-morning-glory-mixed-climbing-flowers,Ipomoea Seeds Pack of 3 – Morning Glory Mixed Climbing Flowers,Title,Default Title,,,,,MRT-WB-MTSGARDNING-134,,,Win Bachat,,0,0,0,6,0,6
zinnia-thumbelina-seeds-pack-of-3-dwarf-mixed-flowers,Zinnia Thumbelina Seeds Pack of 3 – Dwarf Mixed Flowers,Title,Default Title,,,,,MRT-WB-MTSGARDNING-135,,,Win Bachat,,0,0,0,6,0,6
gaillardia-seeds-pack-of-3-blanket-flower-mixed-colors,Gaillardia Seeds Pack of 3 – Blanket Flower Mixed Colors,Title,Default Title,,,,,MRT-WB-MTSGARDNING-136,,,Win Bachat,,0,0,0,6,0,6
zinnia-mixed-seeds-pack-of-3-multi-color-flower-seeds,Zinnia Mixed Seeds Pack of 3 – Multi-Color Flower Seeds,Title,Default Title,,,,,MRT-WB-MTSGARDNING-137,,,Win Bachat,,0,0,0,6,0,6
zinnia-linearis-mixed-seeds-pack-of-3-fine-leaf-multi-color-flowers,Zinnia Linearis Mixed Seeds Pack of 3 – Fine Leaf Multi-Color Flowers,Title,Default Title,,,,,MRT-WB-MTSGARDNING-138,,,Win Bachat,,0,0,0,6,0,6
zinnia-burpeeana-mixed-seeds-pack-of-3-large-double-flowers,Zinnia Burpeeana Mixed Seeds Pack of 3 – Large Double Flowers,Title,Default Title,,,,,MRT-WB-MTSGARDNING-139,,,Win Bachat,,0,0,0,6,0,6
zinnia-candy-stripe-mixed-seeds-pack-of-3-striped-bi-color-flowers,Zinnia Candy Stripe Mixed Seeds Pack of 3 – Striped & Bi-Color Flowers,Title,Default Title,,,,,MRT-WB-MTSGARDNING-140,,,Win Bachat,,0,0,0,6,0,6
zinnia-yellow-seeds-pack-of-3-bright-yellow-flowers,Zinnia Yellow Seeds Pack of 3 – Bright Yellow Flowers,Title,Default Title,,,,,MRT-WB-MTSGARDNING-141,,,Win Bachat,,0,0,0,6,0,6
tomato-f1-hybrid-seeds-vegetable-seeds-for-home-gardening,Tomato F1 Hybrid Seeds – Vegetable Seeds for Home Gardening,Title,Default Title,,,,,MRT-WB-MTSGARDNING-142,,,Win Bachat,,0,0,0,6,0,6
cucumber-f1-hybrid-seeds-vegetable-seeds-for-home-gardening,Cucumber F1 Hybrid Seeds – Vegetable Seeds for Home Gardening,Title,Default Title,,,,,MRT-WB-MTSGARDNING-143,,,Win Bachat,,0,0,0,6,0,6
bhindi-f1-hybrid-seeds-lady-finger-okra-seeds-for-home-gardening,Bhindi F1 Hybrid Seeds – Lady Finger Okra Seeds for Home Gardening,Title,Default Title,,,,,MRT-WB-MTSGARDNING-144,,,Win Bachat,,0,0,0,6,0,6
coriander-f1-hybrid-seeds-dhaniya-seeds-for-home-gardening,Coriander F1 Hybrid Seeds – Dhaniya Seeds for Home Gardening,Title,Default Title,,,,,MRT-WB-MTSGARDNING-145,,,Win Bachat,,0,0,0,6,0,6
spinach-seeds-palak-f1-hybrid-vegetable-seeds-for-home-gardening,Spinach Seeds (Palak) – F1 Hybrid Vegetable Seeds for Home Gardening,Title,Default Title,,,,,MRT-WB-MTSGARDNING-146,,,Win Bachat,,0,0,0,6,0,6
green-chilli-seeds-f1-hybrid-vegetable-seeds-for-home-gardening,Green Chilli Seeds – F1 Hybrid Vegetable Seeds for Home Gardening,Title,Default Title,,,,,MRT-WB-MTSGARDNING-147,,,Win Bachat,,0,0,0,6,0,6
carrot-seeds-f1-hybrid-vegetable-seeds-for-home-gardening,Carrot Seeds – F1 Hybrid Vegetable Seeds for Home Gardening,Title,Default Title,,,,,MRT-WB-MTSGARDNING-148,,,Win Bachat,,0,0,0,6,0,6
turayi-seeds-ridge-gourd-f1-hybrid-vegetable-seeds,Turayi Seeds (Ridge Gourd) – F1 Hybrid Vegetable Seeds,Title,Default Title,,,,,MRT-WB-MTSGARDNING-149,,,Win Bachat,,0,0,0,6,0,6
peas-seeds-matar-f1-hybrid-vegetable-seeds-for-home-gardening,Peas Seeds (Matar) – F1 Hybrid Vegetable Seeds for Home Gardening,Title,Default Title,,,,,MRT-WB-MTSGARDNING-150,,,Win Bachat,,0,0,0,6,0,6
red-radish-seeds-lal-mooli-f1-hybrid-vegetable-seeds,Red Radish Seeds (Lal Mooli) – F1 Hybrid Vegetable Seeds,Title,Default Title,,,,,MRT-WB-MTSGARDNING-151,,,Win Bachat,,0,0,0,6,0,6
long-brinjal-seeds-lamba-baingan-f1-hybrid-vegetable-seeds,Long Brinjal Seeds (Lamba Baingan) – F1 Hybrid Vegetable Seeds,Title,Default Title,,,,,MRT-WB-MTSGARDNING-152,,,Win Bachat,,0,0,0,6,0,6
squash-seeds-f1-hybrid-vegetable-seeds-for-home-gardening,Squash Seeds – F1 Hybrid Vegetable Seeds for Home Gardening,Title,Default Title,,,,,MRT-WB-MTSGARDNING-153,,,Win Bachat,,0,0,0,6,0,6
methi-seeds-fenugreek-f1-hybrid-herb-seeds-for-home-gardening,Methi Seeds (Fenugreek) – F1 Hybrid Herb Seeds for Home Gardening,Title,Default Title,,,,,MRT-WB-MTSGARDNING-154,,,Win Bachat,,0,0,0,6,0,6
pumpkin-seeds-kaddu-f1-hybrid-vegetable-seeds-for-home-gardening,Pumpkin Seeds (Kaddu) – F1 Hybrid Vegetable Seeds for Home Gardening,Title,Default Title,,,,,MRT-WB-MTSGARDNING-155,,,Win Bachat,,0,0,0,6,0,6
mustard-seeds-sarson-f1-hybrid-seeds-for-home-gardening,Mustard Seeds (Sarson) – F1 Hybrid Seeds for Home Gardening,Title,Default Title,,,,,MRT-WB-MTSGARDNING-156,,,Win Bachat,,0,0,0,6,0,6
karela-seeds-bitter-gourd-f1-hybrid-vegetable-seeds-for-home-gardening,Karela Seeds (Bitter Gourd) – F1 Hybrid Vegetable Seeds for Home Gardening,Title,Default Title,,,,,MRT-WB-MTSGARDNING-157,,,Win Bachat,,0,0,0,6,0,6
round-brinjal-seeds-gol-baingan-f1-hybrid-vegetable-seeds,Round Brinjal Seeds (Gol Baingan) – F1 Hybrid Vegetable Seeds,Title,Default Title,,,,,MRT-WB-MTSGARDNING-158,,,Win Bachat,,0,0,0,6,0,6
down-to-earth-bat-guano-7-3-1-organic-fertilizer-2-lb-091-kg,Down To Earth Bat Guano 7-3-1 Organic Fertilizer – 2 lb (0.91 kg),Title,Default Title,,,,,MRT-WB-MTSGARDNING-159,,,Win Bachat,,0,0,0,6,0,6
microbial-mass-beneficial-microbe-concentrate-250-ml,Microbial Mass Beneficial Microbe Concentrate – 250 ml,Title,Default Title,,,,,MRT-WB-MTSGARDNING-160,,,Win Bachat,,0,0,0,6,0,6
fish-sht-organic-soil-conditioner-80-ml,Fish Sh!t Organic Soil Conditioner – 80 ml,Title,Default Title,,,,,MRT-WB-MTSGARDNING-161,,,Win Bachat,,0,0,0,6,0,6
general-hydroponics-floramicro-5-0-1-1-gallon-379-l,General Hydroponics FloraMicro 5-0-1 – 1 Gallon (3.79 L),Title,Default Title,,,,,MRT-WB-MTSGARDNING-162,,,Win Bachat,,0,0,0,6,0,6
general-hydroponics-floragro-2-1-6-1-gallon-379-l,General Hydroponics FloraGro 2-1-6 – 1 Gallon (3.79 L),Title,Default Title,,,,,MRT-WB-MTSGARDNING-163,,,Win Bachat,,0,0,0,6,0,6
general-hydroponics-florablend-vegan-plant-booster-05-1-1-1-gallon,General Hydroponics FloraBlend Vegan Plant Booster 0.5-1-1 – 1 Gallon,Title,Default Title,,,,,MRT-WB-MTSGARDNING-164,,,Win Bachat,,0,0,0,6,0,6
advanced-nutrients-bud-candy-500-ml,Advanced Nutrients Bud Candy – 500 ml,Title,Default Title,,,,,MRT-WB-MTSGARDNING-165,,,Win Bachat,,0,0,0,6,0,6
advanced-nutrients-big-bud-500-ml-bloom-booster,Advanced Nutrients Big Bud – 500 ml Bloom Booster,Title,Default Title,,,,,MRT-WB-MTSGARDNING-166,,,Win Bachat,,0,0,0,6,0,6
mykos-pure-mycorrhizal-inoculant-100-g-root-enhancer,MYKOS Pure Mycorrhizal Inoculant – 100 g Root Enhancer,Title,Default Title,,,,,MRT-WB-MTSGARDNING-167,,,Win Bachat,,0,0,0,6,0,6
botanicare-cal-mag-plus-calcium-magnesium-iron-supplement,"Botanicare Cal-Mag Plus – Calcium, Magnesium & Iron Supplement",Title,Default Title,,,,,MRT-WB-MTSGARDNING-168,,,Win Bachat,,0,0,0,6,0,6
foxfarm-trio-liquid-fertilizer-set-grow-big-big-bloom-tiger-bloom,"FoxFarm Trio Liquid Fertilizer Set – Grow Big, Big Bloom & Tiger Bloom",Title,Default Title,,,,,MRT-WB-MTSGARDNING-169,,,Win Bachat,,0,0,0,6,0,6
general-hydroponics-floraseries-trio-floragro-floramicro-florabloom-quart-pack,"General Hydroponics FloraSeries Trio – FloraGro, FloraMicro & FloraBloom Quart Pack",Title,Default Title,,,,,MRT-WB-MTSGARDNING-170,,,Win Bachat,,0,0,0,6,0,6
