Handle,Title,Variant SKU,Status
westpoint-deluxe-2-slice-sandwich-toaster-wf-6697,Westpoint Deluxe 2-Slice Sandwich Toaster WF-6697,MRT-WB-WESTPOINT-207,draft
lawn-feed-snail-slug-insect-control-500g-plants-insecticidefungicide,"Lawn Feed, Snail, Slug & Insect Control 500g",MRT-WB-MTSGARDNING-048,draft
plant-safe-care-plus-100ml-all-in-one-plant-care-solution-plants-insecticidefungicide,Plant Safe & Care Plus 100ml – All-in-One Plant Care Solution,MRT-WB-MTSGARDNING-050,draft
plant-safe-care-plus-250ml-all-in-one-plant-care-solution-plants-insecticidefungicide,Plant Safe & Care Plus 250ml – All-in-One Plant Care Solution,MRT-WB-MTSGARDNING-051,draft
plant-safe-care-plus-500ml-all-in-one-plant-care-solution-plants-insecticidefungicide,Plant Safe & Care Plus 500ml – All-in-One Plant Care Solution,MRT-WB-MTSGARDNING-052,draft
plant-safe-care-plus-1000ml-all-in-one-plant-care-solution-plants-insecticidefungicide,Plant Safe & Care Plus 1000ml – All-in-One Plant Care Solution,MRT-WB-MTSGARDNING-053,draft
gardentech-insect-killer-fertilizer-lawn-granules-2-lb-plants-insecticidefungicide,GardenTech Insect Killer + Fertilizer Lawn Granules 2 LB,MRT-WB-MTSGARDNING-054,draft
wokozim-crop-plus-seaweed-extract-100ml-natural-plant-growth-support-plants-insecticidefungicide,Wokozim Crop Plus Seaweed Extract 100ml – Natural Plant Growth Support,MRT-WB-MTSGARDNING-056,draft
glyphosate-weed-grass-killer-100ml-garden-weed-control-plants-insecticidefungicide,Glyphosate Weed & Grass Killer 100ml – Garden Weed Control,MRT-WB-MTSGARDNING-057,draft
usa-lawn-care-insect-killer-500ml-lawn-garden-pest-control-plants-insecticidefungicide,USA Lawn Care Insect Killer 500ml – Lawn & Garden Pest Control,MRT-WB-MTSGARDNING-058,draft
usa-lawn-care-insect-killer-1000ml-lawn-garden-pest-control-plants-insecticidefungicide,USA Lawn Care Insect Killer 1000ml – Lawn & Garden Pest Control,MRT-WB-MTSGARDNING-059,draft
knock-down-bed-bug-flea-killer-100ml-fenthion-35-ec-general-insects,Knock Down Bed Bug & Flea Killer 100ml – Fenthion 35% EC,MRT-WB-MTSGARDNING-113,draft
knock-down-bed-bug-flea-killer-250ml-fenthion-35-ec-general-insects,Knock Down Bed Bug & Flea Killer 250ml – Fenthion 35% EC,MRT-WB-MTSGARDNING-114,draft
knock-down-bed-bug-flea-killer-500ml-fenthion-35-ec-general-insects,Knock Down Bed Bug & Flea Killer 500ml – Fenthion 35% EC,MRT-WB-MTSGARDNING-115,draft
knock-down-bed-bug-flea-killer-1000ml-fenthion-35-ec-general-insects,Knock Down Bed Bug & Flea Killer 1000ml – Fenthion 35% EC,MRT-WB-MTSGARDNING-116,draft
one-shot-ddvp-ec-60-insect-control-solution-100ml-general-insects,One Shot DDVP EC 60 Insect Control Solution 100ml,MRT-WB-MTSGARDNING-121,draft
one-shot-ddvp-ec-60-insect-control-solution-250ml-general-insects,One Shot DDVP EC 60 Insect Control Solution 250ml,MRT-WB-MTSGARDNING-122,draft
one-shot-ddvp-ec-60-insect-control-solution-500ml-general-insects,One Shot DDVP EC 60 Insect Control Solution 500ml,MRT-WB-MTSGARDNING-123,draft
one-shot-ddvp-ec-60-insect-control-solution-1000ml-general-insects,One Shot DDVP EC 60 Insect Control Solution 1000ml,MRT-WB-MTSGARDNING-124,draft
zero-in-turbo-stream-permethrin-25-ec-pest-control-100ml-general-insects,Zero In Turbo Stream Permethrin 2.5 EC Pest Control 100ml,MRT-WB-MTSGARDNING-125,draft
zero-in-turbo-stream-permethrin-25-ec-pest-control-250ml-general-insects,Zero In Turbo Stream Permethrin 2.5 EC Pest Control 250ml,MRT-WB-MTSGARDNING-126,draft
zero-in-turbo-stream-pest-control-500ml-permethrin-25-ec-general-insects,Zero In Turbo Stream Pest Control 500ml – Permethrin 2.5 EC,MRT-WB-MTSGARDNING-127,draft
zero-in-turbo-stream-pest-control-1000ml-permethrin-25-ec-general-insects,Zero In Turbo Stream Pest Control 1000ml – Permethrin 2.5 EC,MRT-WB-MTSGARDNING-128,draft
dark-knight-cockroach-killer-100ml-v-p-80-ec-pest-control-general-insects,Dark Knight Cockroach Killer 100ml – V-P 80% EC Pest Control,MRT-WB-MTSGARDNING-129,draft
dark-knight-cockroach-killer-250ml-v-p-80-ec-pest-control-general-insects,Dark Knight Cockroach Killer 250ml – V-P 80% EC Pest Control,MRT-WB-MTSGARDNING-130,draft
dark-knight-cockroach-killer-500ml-v-p-80-ec-pest-control-general-insects,Dark Knight Cockroach Killer 500ml – V-P 80% EC Pest Control,MRT-WB-MTSGARDNING-131,draft
dark-knight-cockroach-killer-1000ml-v-p-80-ec-pest-control-general-insects,Dark Knight Cockroach Killer 1000ml – V-P 80% EC Pest Control,MRT-WB-MTSGARDNING-132,draft
